ship,area,date,trip_no,is_cancellation,tsuri_mono_raw,tsuri_mono,main_sub,fish_raw,time_slot,cnt_min,cnt_max,cnt_avg,is_boat,size_min,size_max,kg_min,kg_max,tackle,point_place1,point_place2,point_place3,depth_min,depth_max,water_temp_min,water_temp_max,water_color,wind_direction,wind_speed,tide_info,wave_info,weather,by_catch,cancel_reason,cancel_type,kanso_raw,suion_raw,suishoku_raw
庄治郎丸,平塚港,2026/04/02,1,0,タイ五目,タイ五目,メイン,アジ,,8,22,15,0,25,36,,,,,,,,,,,,,,,,,"サバ,アマダイ",,,LT五目。他にサバ・アマダイ。,,
庄治郎丸,平塚港,2026/04/02,2,0,タイ五目,タイ五目,メイン,クロムツ,,,,,0,32,32,,,ルアー,,,,,,,,,,,,,,,,,根魚五目。。,,
庄治郎丸,平塚港,2026/04/02,2,0,タイ五目,タイ五目,メイン,キンメ,,,,,0,30,30,,,ルアー,,,,,,,,,,,,,,,,,根魚五目。。,,
野毛屋釣船店,金沢八景,2026/04/01,1,0,トラフグ,トラフグ,メイン,トラフグ,,0,2,1,0,,,1.0,3.1,,横須賀沖,,,,,,,,,,,,,,,,,,
野毛屋釣船店,金沢八景,2026/04/01,2,0,マダイ,マダイ,メイン,マダイ,,0,2,1,0,,,0.7,2.6,,横須賀沖,,,,,,,,,,,,,,,,ひとつテンヤ・ラバージグ。。,,
吉野屋,浦安,2026/04/02,1,0,アジ,アジ,メイン,アジ,,15,100,57,0,15,25,,,,本牧沖,,,25.0,25.0,,,,,,,,,,,,LTアジ船。。,,
吉野屋,浦安,2026/04/02,2,0,トラフグ,トラフグ,メイン,トラフグ,,0,1,0,0,,,1.8,2.6,,富浦沖,,,80.0,80.0,,,,,,,,,,,,,,
吉野屋,浦安,2026/04/01,1,0,トラフグ,トラフグ,メイン,トラフグ,,0,3,1,0,,,1.8,3.2,,富浦沖,,,80.0,80.0,,,,,,,,,,,,,,
吉野屋,浦安,2026/04/01,2,0,アジ,アジ,メイン,LTアジ,,34,100,67,0,15,25,,,,横浜沖,,,15.0,15.0,,,,,,,,,,,,,,
ちがさき丸,茅ヶ崎港,2026/04/02,1,0,タイ五目,タイ五目,メイン,マダイ,,0,1,0,0,,,0.7,0.7,,茅ヶ崎沖,,,,,,,,,,,ウネリ,,,,,タイ五目。本日はウネリ大きく釣りづらく苦戦しました。,,
ちがさき丸,茅ヶ崎港,2026/04/02,2,0,アジ,アジ,メイン,アジ,,42,56,49,0,32,42,,,,二宮沖,,,,,,,,,,,,,,,,反応動き回り苦戦しましたが、なんとか反応拾い、そこから帰りまでポツポツとアタリ続きました!!クーラー満タンです!!,,
福よし丸,鴨居大室港,2026/04/01,1,0,タチウオ,タチウオ,メイン,タチウオ,,,,,0,,,,,,久里浜沖,,,50.0,80.0,,,,,,,,,,,,タチウオ・アジのリレー。タチウオは久里浜沖で型見ず。,,
福よし丸,鴨居大室港,2026/04/01,1,0,タチウオ,タチウオ,サブ,アジ,,11,30,20,0,23,35,,,,久里浜沖,,,,,,,,,,,,,,,,タチウオ・アジのリレー。タチウオは久里浜沖で型見ず。,,
かめだや,羽田,2026/04/01,1,0,アジ,アジ,メイン,LTアジ,,25,138,81,0,16,28,,,,富岡沖,,,14.0,20.0,,,,,,,,,,,,,,
喜平治丸,松輪間口港,2026/04/02,1,0,マルイカ,マルイカ,メイン,マルイカ,,3,63,33,0,15,30,,,,城ヶ島沖,,,50.0,70.0,,,,,,,ウネリ,,,,,城ヶ島沖です。前半はナギでしたが、後半はウネリがあって非常に釣りづらかったです…。,,
つる丸,大原港,2026/04/02,1,0,ヒラメ,ヒラメ,メイン,ヒラメ,,,,,0,,,,,,,,,,,,,,,,,,,,,,,,
つる丸,大原港,2026/04/02,1,0,ヒラメ,ヒラメ,メイン,マハタ,,,,,0,,,1.5,1.5,,,,,,,,,,,,,,,,,,,,
巳之助丸,久比里港,2026/04/02,1,0,カワハギ,カワハギ,メイン,カワハギ,,1,7,4,0,17,28,,,,鴨居沖,竹岡沖,,15.0,30.0,,,,,,,,,"カサゴ,ホウボウ",,,日中船の釣果。他にカサゴ・ホウボウ。,,
巳之助丸,久比里港,2026/04/02,2,0,アジ,アジ,メイン,アジ,,20,32,26,0,23,34,,,,久里浜沖,,,70.0,90.0,,,,,,,,,"サバ,カンコ",,,日中船の釣果。他にサバ・カンコ。,,
山下丸,久比里港,2026/04/02,1,0,カサゴ,カサゴ,メイン,カサゴ,,,,,0,,,,,,,,,,,,,,,,下げ潮,波が高,雨,,,,仕立の釣果。本日は明日からスタートのカサゴの乗合前に仕立で出船しました。,,
たいぞう丸,葉山あぶずり港,2026/04/01,1,0,マルイカ,マルイカ,メイン,マルイカ,,0,13,6,0,13,35,,,,亀城根,城ヶ島沖,,50.0,80.0,,,,,,,ウネリ,,,,,マルイカ船。今日は予想以上のとてつもないデカいウネリで大苦戦でした。,,
釣船 五郎丸,鴨居大室港,2026/04/02,1,0,アジ,アジ,メイン,ショートアジ,ショート,25,44,34,0,25,40,,,,鴨居沖,久里浜沖,,40.0,90.0,,,,,,,,,,,,潮速く釣りづらいも、良型交じりで釣れました。。,,
釣船 五郎丸,鴨居大室港,2026/04/01,1,0,アジ,アジ,メイン,ショートアジ,ショート,21,43,32,0,24,40,,,,鴨居沖,久里浜沖,,40.0,90.0,,,,,,,,,,,,鴨居沖を狙い、久里浜沖へ行くもアタリ渋く、鴨居沖へ戻りました。。,,
岩崎レンタルボート(岩崎つり具店),沼津木負,2026/04/02,1,0,ハタ,ハタ,サブ,チダイ,,,,,0,42,42,,,,木負湾内,,,,,,,,,,,,,,,,,,
岩崎レンタルボート(岩崎つり具店),沼津木負,2026/04/02,1,0,ハタ,ハタ,メイン,オオモンハタ,,4,4,4,1,30,30,,,,,,,,,,,,,,,,,,,,,,
岩崎レンタルボート(岩崎つり具店),沼津木負,2026/04/02,1,0,ハタ,ハタ,サブ,アジ,,,,,0,23,23,,,,,,,,,,,,,,,,,,,,,,
岩崎レンタルボート(岩崎つり具店),沼津木負,2026/04/02,2,0,イサキ,イサキ,メイン,イサキ,,,,,0,34,34,,,,木負湾内,,,,,,,,,,,,,,,,,,
岩崎レンタルボート(岩崎つり具店),沼津木負,2026/04/02,3,0,ハタ,ハタ,メイン,オオモンハタ,,4,4,4,1,32,32,,,,木負湾内,,,,,,,,,,,,,,,,手漕ぎボートにて出船。。,,
岩崎レンタルボート(岩崎つり具店),沼津木負,2026/04/02,3,0,ハタ,ハタ,サブ,マダイ,,2,2,2,1,25,25,,,,,,,,,,,,,,,,,,,,手漕ぎボートにて出船。。,,
あまさけや丸,松輪江奈港,2026/04/02,1,0,アジ,アジ,サブ,ワラサ,,1,1,1,0,,,4.6,4.6,,,,,,,,,,,,,,,アジ多数,,,アジ泳がせ(ワラサ)。他にアジ多数。,,
あまさけや丸,松輪江奈港,2026/04/02,2,0,マダイ,マダイ,メイン,マダイ,,1,1,1,0,,,1.0,1.0,,,,,,,,,,,,,,,,,,,,
あまさけや丸,松輪江奈港,2026/04/01,1,0,マダイ,マダイ,メイン,マダイ,,0,2,1,0,,,1.6,2.0,,,,,,,,,,,,,,,"アジ,サバ",,,他にアジ・サバ。。,,
秀丸,沼津内港,2026/04/01,1,0,マルイカ,マルイカ,メイン,マルイカ・ムギイカ,夜,32,77,54,0,15,25,,,,沼津沖,,,,,,,,,,,,,,,,早夜マルイカ。ゼロテン直結仕掛け。,,
渡辺釣船店,横浜港･新山下,2026/04/01,1,0,アジ,アジ,メイン,午前LTアジ,午前,56,77,66,0,17,28,,,,横浜沖前後,,,15.0,20.0,,,,,,,,,,,,連日絶好調です!!朝一から終わりまでポツポツと順調に釣れてくれました。～20cmクラスは交じりましたが、激うまサイズが主体でした。,,
渡辺釣船店,横浜港･新山下,2026/04/01,2,0,タチウオ,タチウオ,メイン,タチウオ,,0,2,1,0,75,100,,,,猿島沖,,,,,,,,,,,,,,,,,,
第八幸松丸,沼津静浦,2026/04/02,1,0,マダイ,マダイ,メイン,マダイ,午前,0,6,3,0,,,0.6,2.8,,,,,,,,,,,,,,,,,,午前便コマセマダイ。1週間ぶりのコマセマダイでしたが、前回出船した時よりは型も2kg超えが3匹交じり、少し雰囲気が出て来ました。,,
須原屋,東葛西,2026/04/02,1,0,アジ,アジ,メイン,LTアジ,,20,80,50,0,16,25,,,,横浜沖,,,20.0,20.0,,,,,,,,,,,,,,
須原屋,東葛西,2026/04/01,1,0,アジ,アジ,メイン,ライトアジ,,10,80,45,0,16,25,,,,横浜沖,,,20.0,20.0,,,,,,,,,,,,,,
山天丸,久比里港,2026/04/02,1,0,アマダイ,アマダイ,メイン,アマダイ,,2,3,2,0,25,36,,,,剣崎沖,,,80.0,100.0,,,,,,,,,"オニカサゴ,サバ",,,トップ2名様。他にオニカサゴ・サバ。,,
こなや丸,長浦,2026/04/01,1,0,アジ,アジ,メイン,ショートアジ,ショート,50,153,101,0,17,38,,,,木更津沖,,,,,,,,,,下げ潮,,雨,,,,今日は昨日の雨の影響でしょうか…。反応はモリモリ出ていたのになかなかスイッチ入らず…ポツリポツリと間の空いた釣れ方で、しばらくは我慢の釣りでした。,,
海上つり堀まるや,沼津足保,2026/04/01,1,0,イナダ,イナダ,メイン,イナダ,,5,5,5,1,,,,,,,,,,,,,,,,,,,,,,,,
海上つり堀まるや,沼津足保,2026/04/01,1,0,イナダ,イナダ,サブ,マダイ,,4,4,4,1,,,,,,,,,,,,,,,,,,,,,,,,
光進丸,金谷港,2026/04/01,1,0,フグ,フグ,メイン,トラフグ,,0,2,1,0,,,1.1,2.3,,金谷沖,富浦沖,,,,,,,,,,,,,,,トラフグ船。反応良好!。,,
平安丸,小田原早川港,2026/04/01,1,0,ヤリイカ,ヤリイカ,メイン,ヤリイカ,,1,6,3,0,25,43,,,,二宮沖,,,,,,,,,,,,,,,,,,
村井丸,保田港,2026/04/02,1,0,イサキ,イサキ,メイン,イサキ,,28,42,35,0,22,33,,,,保田沖,,,30.0,50.0,,,,,,,,,"アジ,カサゴ,コノシロ交じり",,,LT五目船。食い順調。,,
はら丸,長井港,2026/04/02,1,0,マルイカ,マルイカ,メイン,マルイカ,,5,35,20,0,14,30,,,,城ヶ島沖,,,45.0,65.0,,,,,,,ウネリ,,,,,前半ぽつぽつ乗り一流し7回も有り。中盤以降ウネリ有り苦戦。,,
吉久,浦安,2026/04/01,1,0,トラフグ,トラフグ,メイン,トラフグ,,0,2,1,0,39,50,,,,富浦沖,,,80.0,80.0,,,,,,,,,,,,大型!バラシ多数!,,
吉久,浦安,2026/04/01,2,0,サワラ,サワラ,メイン,サワラ,,5,27,16,1,55,65,,,,湾内,,,35.0,35.0,,,,,,,,,,,,,,
渡辺釣船店,横浜港･新山下,2026/04/02,,1,,欠航,,,,,,,,,,,,,,,,,,,,,,,,,,,定休日。,定休日,定休日。,,
長崎屋,横浜本牧港,2026/04/02,,1,,欠航,,,,,,,,,,,,,,,,,,,,,,,,,,,定休日です。,定休日,定休日です。,,
恒丸,大磯港,2026/04/02,,1,,欠航,,,,,,,,,,,,,,,,,,,,,,,,,,,今日は出船なしです。,不明,今日は出船なしです。,,
恒丸,大磯港,2026/04/01,,1,,欠航,,,,,,,,,,,,,,,,,,,,,,,,,,,今日は波高く、シケでした。,荒天,今日は波高く、シケでした。,,
つる丸,大原港,2026/04/01,,1,,欠航,,,,,,,,,,,,,,,,,,,,,,,,,,,またウネリが出て、出れるか出れないかって感じになりそうなので出船中止に。,中止,またウネリが出て、出れるか出れないかって感じになりそうなので出船中止に。,,
幸丸,飯岡港,2026/04/02,,1,,欠航,,,,,,,,,,,,,,,,,,,,,,,,,,,30日～2日は臨時休業。,不明,30日～2日は臨時休業。,,
たいぞう丸,葉山あぶずり港,2026/04/02,,1,,欠航,,,,,,,,,,,,,,,,,,,,,,,,,,,定休日。,定休日,定休日。,,
石田丸,大津港,2026/04/01,,1,,欠航,,,,,,,,,,,,,,,,,,,,,,,,,,,予報悪く出しませんでした。昼前から北風が強まり、雨になりました。,荒天,予報悪く出しませんでした。昼前から北風が強まり、雨になりました。,,
山下丸,久比里港,2026/04/03,1,0,カワハギ,カワハギ,メイン,カワハギ,,0,21,10,0,16,28,,,,久里浜沖,鴨居沖,,20.0,30.0,,,,,,,,,,,,,,
山下丸,久比里港,2026/04/03,2,0,カサゴ,カサゴ,メイン,カサゴ,,24,43,33,0,15,26,,,,久里浜沖,,,30.0,30.0,,,,,,,,,,,,,,
山下丸,久比里港,2026/04/03,3,0,アマダイ,アマダイ,メイン,アマダイ,,3,5,4,0,23,36,,,,剣崎沖,,,85.0,100.0,,,,,,,,,,,,,,
山天丸,久比里港,2026/04/03,1,0,マルイカ,マルイカ,メイン,マルイカ,,10,50,30,0,15,30,,,,剣崎沖,,,50.0,80.0,,,,,,,,,,,,,,
巳之助丸,久比里港,2026/04/03,1,0,カワハギ,カワハギ,メイン,カワハギ,,0,4,2,0,17,28,,,,鴨居沖,竹岡沖,,15.0,30.0,,,,,,,,,"カサゴ,ホウボウ",,,日中船の釣果。竿頭3名。,,
巳之助丸,久比里港,2026/04/03,2,0,アジ,アジ,メイン,アジ,,25,42,33,0,21,36,,,,久里浜沖,観音崎沖,,30.0,70.0,,,,,,,,,"サバ,クロダイ",,,日中船の釣果。2番手41匹。,,
不動丸,勝浦川津港,2026/04/03,1,0,ヤリイカ,ヤリイカ,メイン,ヤリイカ,,2,15,8,0,25,42,,,,勝浦沖前後,,,160.0,200.0,,,,,,,,,スルメイカ交じりでヤリイカ主体,,,潮流れわずかで反応見えたが中盤までサバの邪魔多く苦戦。後半サバの邪魔少なかったがサメの邪魔あり活性今ひとつ。,,
つる丸,大原港,2026/04/01,,1,,欠航,,,,,,,,,,,,,,,,,,,,,,,,,,,またウネリが出て、出れるか出れないかって感じになりそうなので出船中止に。,中止,またウネリが出て、出れるか出れないかって感じになりそうなので出船中止に。,,
勇盛丸,大原港,2026/04/03,1,0,ワラサ,ワラサ,メイン,ワラサ・ブリ,,,,,0,,,4.4,7.59,,,,,,,,,,,,,,,"カサゴ,カンコ",,,外房大原港～マハタ&ヒラメに出船しました。深場ポイントへ。,,
勇盛丸,大原港,2026/04/03,1,0,ワラサ,ワラサ,サブ,マハタ,,,,,0,,,1.0,1.0,,,,,,,,,,,,,,,"カサゴ,カンコ",,,外房大原港～マハタ&ヒラメに出船しました。深場ポイントへ。,,
勇盛丸,大原港,2026/04/03,1,0,ワラサ,ワラサ,サブ,ヒラメ,,,,,0,,,2.75,2.75,,,,,,,,,,,,,,,"カサゴ,カンコ",,,外房大原港～マハタ&ヒラメに出船しました。深場ポイントへ。,,
敷嶋丸,大原港,2026/04/03,1,0,フグ,フグ,メイン,フグ,,0,2,1,0,20,38,,,,太東沖,,,18.0,18.0,,,,,,,,,,,,デカフグが釣れましたが、数が上がりませんでした。。,,
新幸丸,大原港,2026/04/03,1,0,マダイ,マダイ,メイン,午前マダイ,午前,0,5,2,0,,,0.4,4.0,,岩船沖,,,25.0,67.0,,,,,,,,,"ハタ,カサゴ,ウマヅラハギ",,,乗っ込み開始!中マダイ、大マダイ連発!水温上がり流れもあり良型マダイに中マダイ、大マダイ連発、大マダイクラス2匹バラシあり、乗っ込みマダイらしい素晴らしい魚体でした、明日も楽しみ。他にハタ・カサゴ・ウマヅラハギ・サバ・ワラサ。,,
春栄丸,大原港,2026/04/03,1,0,ヒラメ,ヒラメ,メイン,マハタ,午前,0,2,1,0,,,0.4,2.13,,太東沖,大原沖19,23m,25.0,43.0,,,,,,,,,"メバル数,カサゴ数交じる",,,午前ヒラメ(マハタ)釣り。風も無く落ち着いてたので、本日も沖から開始!1流し目からアタリ出てもバラシで残念でしたが、良いとこ入って1人喰わすと同時ヒットや連チャンヒットもあり、ヒラメの型出てくれ、大ビラメ4.45kgもgetできサイズupの方もいてバタバタっと。,,
春栄丸,大原港,2026/04/03,1,0,ヒラメ,ヒラメ,メイン,ヒラメ,午前,0,4,2,0,,,0.7,4.45,,,,,,,,,,,,,,,"メバル数,カサゴ数交じる",,,午前ヒラメ(マハタ)釣り。風も無く落ち着いてたので、本日も沖から開始!1流し目からアタリ出てもバラシで残念でしたが、良いとこ入って1人喰わすと同時ヒットや連チャンヒットもあり、ヒラメの型出てくれ、大ビラメ4.45kgもgetできサイズupの方もいてバタバタっと。,,
春栄丸,大原港,2026/04/01,1,0,ヒラメ,ヒラメ,メイン,マハタ,午前,0,3,1,0,,,0.4,3.35,,太東沖,大原沖水深14,17m,30.0,43.0,,,,,,,,,"メバル数,カサゴ数交じる",,,午前ヒラメ(マハタ)釣り・5人の釣果。風も無く落ち着いてたので(4名様+1名で)出船。,,
春栄丸,大原港,2026/04/01,1,0,ヒラメ,ヒラメ,メイン,ヒラメ,午前,0,3,1,0,,,0.7,4.8,,,,,,,,,,,,,,,"メバル数,カサゴ数交じる",,,午前ヒラメ(マハタ)釣り・5人の釣果。風も無く落ち着いてたので(4名様+1名で)出船。,,
大洗丸,大洗港,2026/04/03,1,0,マダイ,マダイ,メイン,マダイ,,0,6,3,0,,,0.7,2.2,,,,,,,,,,,,,,,"カサゴ,メバル,フグ釣れる",,,テンヤマダイ・ホウボウ釣り。群れ探し、反応に乗せマダイ・ホウボウ・メバル等釣る。,,
大洗丸,大洗港,2026/04/03,1,0,マダイ,マダイ,サブ,ホウボウ,,5,9,7,0,38,45,,,,,,,,,,,,,,,,,"カサゴ,メバル,フグ釣れる",,,テンヤマダイ・ホウボウ釣り。群れ探し、反応に乗せマダイ・ホウボウ・メバル等釣る。,,
石田丸,大津港,2026/04/03,1,0,アジ,アジ,メイン,マアジ,,28,28,28,1,20,26,,,,,,,,,,,,南西,,,,,アナゴ,,,ボートの釣果。午後から南西風が多少吹いてきました。,,
石田丸,大津港,2026/04/03,1,0,アジ,アジ,サブ,マゴチ,,,,,0,55,55,,,,,,,,,,,,南西,,,,,アナゴ,,,ボートの釣果。午後から南西風が多少吹いてきました。,,
石田丸,大津港,2026/04/03,1,0,アジ,アジ,サブ,クロダイ,,,,,0,35,45,,,,,,,,,,,,南西,,,,,アナゴ,,,ボートの釣果。午後から南西風が多少吹いてきました。,,
石田丸,大津港,2026/04/03,1,0,アジ,アジ,サブ,イシモチ,,6,6,6,1,27,32,,,,,,,,,,,,南西,,,,,アナゴ,,,ボートの釣果。午後から南西風が多少吹いてきました。,,
石田丸,大津港,2026/04/01,,1,,欠航,,,,,,,,,,,,,,,,,,,,,,,,,,,予報悪く出しませんでした。昼前から北風が強まり、雨になりました。,荒天,予報悪く出しませんでした。昼前から北風が強まり、雨になりました。,,
恒丸,大磯港,2026/04/02,,1,,欠航,,,,,,,,,,,,,,,,,,,,,,,,,,,今日は出船なしです。,不明,今日は出船なしです。,,
恒丸,大磯港,2026/04/01,,1,,欠航,,,,,,,,,,,,,,,,,,,,,,,,,,,今日は波高く、シケでした。,荒天,今日は波高く、シケでした。,,
第八鶴丸,天津港,2026/04/03,1,0,クロムツ,クロムツ,メイン,ムツ,,7,16,11,0,30,37,,,,,,,,,,,,,,,,,,,,,,
第八鶴丸,天津港,2026/04/03,1,0,クロムツ,クロムツ,サブ,ヤリイカ・スルメイカ,,8,10,9,0,20,35,,,,,,,,,,,,,,,,,,,,,,
平安丸,小田原早川港,2026/04/03,1,0,ヤリイカ,ヤリイカ,メイン,ヤリイカ,,2,8,5,0,25,43,,,,二宮沖,,,,,,,,,,,,,,,,,,
平安丸,小田原早川港,2026/04/03,2,0,キンメダイ,キンメダイ,メイン,キンメ,,1,5,3,0,25,32,,,,小田原沖,,,,,,,,,,,,,,,,,,
平安丸,小田原早川港,2026/04/03,3,0,マダイ,マダイ,メイン,マダイ,,,,,0,,,,,,小田原沖,,,,,,,,,,,,,アジ交じる,,,バラシあり。他にアジ交じる。,,
翔太丸,小網代港,2026/04/03,1,0,マルイカ,マルイカ,メイン,マルイカ,,12,54,33,0,15,35,,,,城ヶ島西沖,東沖前後,,60.0,60.0,,,,,,,,,,,,今日もポツポツ好調でした。良型交じりで今日も好調でした。,,
翔太丸,小網代港,2026/04/02,1,0,マルイカ,マルイカ,メイン,マルイカ,,2,60,31,0,15,35,,,,諸磯沖,城ヶ島沖,,55.0,65.0,,,,,,,,,,,,,,
船宿 まる八,平和島,2026/04/03,1,0,アジ,アジ,メイン,アジ,ショート,10,54,32,0,18,35,,,,木更津沖,,,15.0,25.0,,,,,,,,,,,,LTショートアジ乗合船。朝一良型ポイントでポツリポツリ。,,
庄治郎丸,平塚港,2026/04/03,1,0,タイ五目,タイ五目,メイン,アジ,,2,36,19,0,20,39,,,,,,,,,,,,,,,,,"カサゴ,サバ,トラギス",,,LT五目・2隻の釣果。他にカサゴ・サバ・トラギス・アオハタ・ムシガレイ・ガンゾウビラメ・イナダ・アマダイ・クロムツ。,,
庄治郎丸,平塚港,2026/04/03,1,0,タイ五目,タイ五目,メイン,ヘダイ,,0,1,0,0,,,1.4,1.45,,,,,,,,,,,,,,,"カサゴ,サバ,トラギス",,,LT五目・2隻の釣果。他にカサゴ・サバ・トラギス・アオハタ・ムシガレイ・ガンゾウビラメ・イナダ・アマダイ・クロムツ。,,
庄治郎丸,平塚港,2026/04/03,1,0,タイ五目,タイ五目,メイン,クロダイ,,,,,0,,,0.9,0.9,,,,,,,,,,,,,,,"カサゴ,サバ,トラギス",,,LT五目・2隻の釣果。他にカサゴ・サバ・トラギス・アオハタ・ムシガレイ・ガンゾウビラメ・イナダ・アマダイ・クロムツ。,,
庄治郎丸,平塚港,2026/04/03,2,0,マルイカ,マルイカ,メイン,マルイカ,,2,26,14,0,18,30,,,,,,,,,,,,,,,,,"ヤリイカ,ニセイカ交じり",,,他にヤリイカ・ニセイカ交じり。。,,
伊達丸,御前崎港,2026/04/03,1,0,マダイ,マダイ,メイン,マダイ,,,,,0,86,86,,,,,,,,,,,,,,,,,,,,お待たせ!出たよ86cm!出たよ83cm!出たよ76cm!出たよ70cm!他のマダイも60cm後半クラスが揃い、Xデーは今日だったのか!大マダイ荒ぶる…乗っこんでるぞ!!,,
大貫丸,日立久慈港,2026/04/03,1,0,マダイ,マダイ,メイン,マダイ,,0,3,1,0,,,0.3,0.8,,,,,,,,,,,,,,,"ハナダイ,カサゴ,メバル",,,テンヤマダイ船。マダイ0.8kg含み良い人2～3匹でした!!カンダイ5.6kg、他にハナダイ・カサゴ・メバル・ソイ・マハタ・イナダ・ショウサイフグ等!。,,
大貫丸,日立久慈港,2026/04/03,1,0,マダイ,マダイ,サブ,カンダイ,,,,,0,,,5.6,5.6,,,,,,,,,,,,,,,"ハナダイ,カサゴ,メバル",,,テンヤマダイ船。マダイ0.8kg含み良い人2～3匹でした!!カンダイ5.6kg、他にハナダイ・カサゴ・メバル・ソイ・マハタ・イナダ・ショウサイフグ等!。,,
弘漁丸,日立久慈港,2026/04/03,1,0,マダイ,マダイ,メイン,マダイ,,0,1,0,0,,,0.3,1.6,,,,,,,,,,,,,,,,,,,,
日正丸,日立久慈港,2026/04/03,1,0,マダイ,マダイ,メイン,マダイ,,0,1,0,0,,,0.3,0.6,,,,,30.0,48.0,,,,,,,,,"ハナダイ,カサゴ,イナダ",,,本日テンヤマダイ船!マダイダメでしたが、ゲスト多彩に釣れました。明日期待しましょう。,,
須原屋,東葛西,2026/04/03,1,0,アジ,アジ,メイン,ライトアジ,,20,100,60,0,16,25,,,,横浜沖,,,20.0,20.0,,,,,,,,,,,,,,
須原屋,東葛西,2026/04/03,2,0,シロギス,シロギス,メイン,キス,,24,35,29,0,12,24,,,,木更津沖,,,18.0,18.0,,,,,,,,,,,,,,
あまさけや丸,松輪江奈港,2026/04/03,1,0,マダイ,マダイ,メイン,マダイ,,0,5,2,0,,,0.8,1.8,,,,,,,,,,,,,,,,,,,,
あまさけや丸,松輪江奈港,2026/04/03,1,0,マダイ,マダイ,サブ,ワラサ,,,,,0,,,4.5,4.5,,,,,,,,,,,,,,,,,,,,
喜平治丸,松輪間口港,2026/04/03,1,0,マルイカ,マルイカ,メイン,マルイカ,,3,74,38,0,15,30,,,,城ヶ島沖,,,50.0,70.0,,,,,,,,,,,,,,
喜平治丸,松輪間口港,2026/04/03,2,0,マダイ,マダイ,メイン,マダイ,,,,,0,,,,,,剣崎沖,久里浜沖,,,,,,,,,,,,,,,剣崎沖から久里浜沖です。難しかったです…。,,
長崎屋,横浜本牧港,2026/04/03,1,0,シーバス,シーバス,メイン,シーバス,,0,40,20,0,40,66,,,,,,,,,,,,,,,,,,,,ルアー。前半は幅広の55～60cm級主体にポツポツ、連発ヒット多数あり活発でしたが、今日もバラシ多発!その後はまた潮が流れて来ると45～50cm級主体にポツポツと釣れました!トップ40匹!2番手35匹。,,
長崎屋,横浜本牧港,2026/04/03,2,0,アジ,アジ,メイン,ショートLTアジ,ショート,12,101,56,0,17,27,,,,,,,,,,,,,,,,,"クロダイ,イシモチ",,,近場のライトアジ!小型中心に中型交じりで1日ポツポツとアタリあり好調でした!2番手82匹。他にクロダイ・イシモチ。,,
長崎屋,横浜本牧港,2026/04/03,3,0,シロギス,シロギス,メイン,ショートシロギス,ショート,34,132,83,0,14,23,,,,航程10,25分位,,,,,,,,,,,,"ホウボウ,イシモチ",,,好調!中型中心に良型交じりで1日ポツポツとアタリ続き好調でした!トップは1匹竿で132匹!2番手71匹。40匹超す方が多かったです。,,
長崎屋,横浜本牧港,2026/04/02,,1,,欠航,,,,,,,,,,,,,,,,,,,,,,,,,,,定休日です。,定休日,定休日です。,,
渡辺釣船店,横浜港･新山下,2026/04/02,,1,,欠航,,,,,,,,,,,,,,,,,,,,,,,,,,,定休日。,定休日,定休日。,,
秀丸,沼津内港,2026/04/02,1,0,マルイカ,マルイカ,メイン,マルイカ・ムギイカ,夜,13,81,47,0,15,25,,,,沼津沖,,,,,,,,,,,,,,,,早夜マルイカ。ゼロテン直結仕掛け。,,
第八幸松丸,沼津静浦,2026/04/03,1,0,マダイ,マダイ,メイン,マダイ,午前,1,1,1,1,,,0.7,0.7,,,,,,,,,澄み,,,潮流れず,,,"イナダ,カサゴ",,,午前便タイラバ。澄み潮プラス潮流れず苦戦しました。,,
佐衛美丸,洲崎港,2026/04/03,1,0,イサキ,イサキ,メイン,イサキ,,20,50,35,0,25,36,,,,洲崎沖,,,20.0,60.0,,,,,,,,,マアジ多数,,,前半と後半、喰い活発でクーラー満タンの方も数名。他にマアジ多数。,,
吉久,浦安,2026/04/03,1,0,トラフグ,トラフグ,メイン,トラフグ,,0,3,1,0,38,55,,,,富浦沖,,,80.0,80.0,,,,,,,,,,,,大型!,,
吉久,浦安,2026/04/03,2,0,サワラ,サワラ,メイン,イナダ,,2,2,2,1,,,,,,,,,,,,,,,,,,,,,,サワラ船。サワラ0匹。,,
吉久,浦安,2026/04/03,2,0,サワラ,サワラ,サブ,タイ,,1,1,1,1,,,,,,,,,,,,,,,,,,,,,,サワラ船。サワラ0匹。,,
吉野屋,浦安,2026/04/03,1,0,トラフグ,トラフグ,メイン,トラフグ,,0,3,1,0,,,1.8,3.6,,久里浜沖,,,80.0,80.0,,,,,,,,,,,,,,
吉野屋,浦安,2026/04/03,2,0,アジ,アジ,メイン,LTアジ,,14,100,57,0,15,25,,,,本牧沖,,,15.0,15.0,,,,,,,,,,,,,,
ふじや釣舟店,清水港(巴川),2026/04/03,1,0,クロダイ,クロダイ,メイン,クロダイ,午後,6,6,6,0,37,44,,,,折戸,,,7.0,7.0,,,,,,,,,,,,午後からようやく釣れた!40cm級大物5匹含む大釣り!,,
ふじや釣舟店,清水港(巴川),2026/04/03,2,0,クロダイ,クロダイ,メイン,クロダイ,,3,3,3,0,44,49,,,,折戸湾,,,,,,,,,,,,,,,,,,
ふじや釣舟店,清水港(巴川),2026/04/03,3,0,クロダイ,クロダイ,メイン,クロダイ,,4,4,4,0,35,41,,,,貯木場,,,,,,,,,,,,,,,,,,
山本釣船店,清水港(巴川),2026/04/03,1,0,クロダイ,クロダイ,メイン,クロダイ,,6,6,6,1,39,48,,,,,,,,,,,,,,,,,"メジナ,マアジ",,,他にメジナ・マアジ。。,,
青木丸,由比,2026/04/03,1,0,アジ,アジ,メイン,アジ,,82,82,82,1,40,45,,,,,,,,,,,,,,,,,,,,,,
かめだや,羽田,2026/04/03,1,0,アジ,アジ,メイン,LTアジ,,25,130,77,0,16,27,,,,富岡沖,,,15.0,25.0,,,,,,,,,イシモチ,,,一日切れ目なく釣れた。他にイシモチ。,,
かめだや,羽田,2026/04/03,2,0,シロギス,シロギス,メイン,シロギス,,15,104,59,0,13,22,,,,中の瀬,,,15.0,20.0,,,,,,,,,マコガレイ,,,中型多い。他にマコガレイ。,,
たいぞう丸,葉山あぶずり港,2026/04/03,1,0,マルイカ,マルイカ,メイン,マルイカ,,1,42,21,0,15,35,,,,城ヶ島沖,,,50.0,80.0,,,,,,,,,,,,マルイカ船。前半触り活発!!城ヶ島沖で一日でした。,,
たいぞう丸,葉山あぶずり港,2026/04/02,,1,,欠航,,,,,,,,,,,,,,,,,,,,,,,,,,,定休日。,定休日,定休日。,,
光進丸,金谷港,2026/04/02,1,0,フグ,フグ,メイン,トラフグ,,0,5,2,0,,,1.1,4.5,,金谷沖,富浦沖,,,,,,,,,,,,,,,トラフグ船。反応良く喰い活発、トップ規定数で2番手4匹!次3匹は2名様!2匹、1匹です!。,,
勘次郎丸,金谷港,2026/04/03,1,0,アジ,アジ,メイン,アジ,,21,53,37,0,24,40,,,,金谷沖,,,90.0,90.0,,,,,,,,,,,,毎日大型狙いです。今日も朝から型揃い、後半は大型交じりで皆さん満足でした。,,
こなや丸,長浦,2026/04/03,1,0,サワラ,サワラ,メイン,イナダ,,0,2,1,0,45,54,,,,,,,,,,,,,,下げ潮,,,,,,ルアー五目。水曜日に出番にはならなかったのですが、サゴシの活性はかなり良かったみたいなので期待していたものの翌日の昨日と今日は厳しい状況が続いてます。,,
こなや丸,長浦,2026/04/03,2,0,アジ,アジ,メイン,アジ,,50,173,111,0,17,36,,,,木更津沖,,,,,,,,,,,,,,,,,,
三次郎丸,飯岡港,2026/04/03,1,0,マダイ,マダイ,メイン,マダイ,,8,12,10,0,,,0.6,2.8,,飯岡沖,,,20.0,20.0,,,,,,,,,,,,タイラバ釣り。良型揃い活性高い。,,
太幸丸,飯岡港,2026/04/03,1,0,,,メイン,ハナダイ,,4,21,12,0,18,38,,,,,,,,,,,,,,,,,"マダイ,イサキ,アジ",,,コマセ五目。反応良いですが、小ぶりなハナダイが多かったです。,,
幸丸,飯岡港,2026/04/03,1,0,マダイ,マダイ,メイン,マダイ,午前,2,10,6,0,,,0.3,4.5,,,,,20.0,20.0,,,,,,,,,"イナダ,カサゴ,ガンゾウビラメ",,,午前船の釣果。他にイナダ・カサゴ・ガンゾウビラメ・ハナダイ・フグ。,,
幸丸,飯岡港,2026/04/03,2,0,マダイ,マダイ,メイン,マダイ,午前,0,13,6,0,,,0.4,2.8,,,,,15.0,15.0,,,,,,,,,"イナダ,カサゴ,サワラ",,,午前船の釣果。他にイナダ・カサゴ・サワラ・ハナダイ。,,
幸丸,飯岡港,2026/04/03,3,0,マダイ,マダイ,メイン,マダイ,午前,1,11,6,0,,,0.3,2.5,,,,,15.0,15.0,,,,,,,,,"カサゴ,ショウサイフグ,トラフグ",,,午前船の釣果。他にカサゴ・ショウサイフグ・トラフグ・ハナダイ・ホウボウ・ムシガレイ・ワラサ。,,
幸丸,飯岡港,2026/04/02,,1,,欠航,,,,,,,,,,,,,,,,,,,,,,,,,,,30日～2日は臨時休業。,不明,30日～2日は臨時休業。,,
梅花丸,飯岡港,2026/04/03,1,0,マダイ,マダイ,メイン,マダイ,午前,0,12,6,0,,,0.3,1.2,,,,,,,,,,,,,,,"ハナダイ,カサゴ",,,午前の釣果。一つテンヤでのマダイ釣りです。,,
梅花丸,飯岡港,2026/04/03,2,0,マダイ,マダイ,メイン,マダイ,午前,0,19,9,0,,,0.4,1.8,,,,,,,,,,,,,,,"ハナダイ,カサゴ,カワハギ",,,午前の釣果。一つテンヤでのマダイ釣りです。,,
幸栄丸,鹿島港,2026/04/03,1,0,マダイ,マダイ,メイン,マダイ,,0,4,2,0,,,0.7,3.7,,,,,,,,,,,,潮流れず,,,,,,テンヤ船。他2.1kg、2kg、1.8kg、1.6kg、1.3kg、1.2kg、1kg。,,
幸栄丸,鹿島港,2026/04/03,2,0,メバル,メバル,メイン,メバル,,0,27,13,0,23,30,,,,,,,,,,,,,,,,,,,,メバル船。。,,
第三幸栄丸,鹿島港,2026/04/03,1,0,マダイ,マダイ,メイン,マダイ,,0,4,2,0,,,0.7,3.7,,,,,,,,,,,,潮流れず,,,,,,テンヤ船。他2.1kg、2kg、1.8kg、1.6kg、1.3kg、1.2kg、1kg。,,
第三幸栄丸,鹿島港,2026/04/03,2,0,メバル,メバル,メイン,メバル,,0,27,13,0,23,30,,,,,,,,,,,,,,,,,,,,メバル船。。,,
つる丸,大原港,2026/04/01,,1,,欠航,,,,,,,,,,,,,,,,,,,,,,,,,,,またウネリが出て、出れるか出れないかって感じになりそうなので出船中止に。,中止,またウネリが出て、出れるか出れないかって感じになりそうなので出船中止に。,,
石田丸,大津港,2026/04/01,,1,,欠航,,,,,,,,,,,,,,,,,,,,,,,,,,,予報悪く出しませんでした。昼前から北風が強まり、雨になりました。,荒天,予報悪く出しませんでした。昼前から北風が強まり、雨になりました。,,
恒丸,大磯港,2026/04/02,,1,,欠航,,,,,,,,,,,,,,,,,,,,,,,,,,,今日は出船なしです。,不明,今日は出船なしです。,,
恒丸,大磯港,2026/04/01,,1,,欠航,,,,,,,,,,,,,,,,,,,,,,,,,,,今日は波高く、シケでした。,荒天,今日は波高く、シケでした。,,
長崎屋,横浜本牧港,2026/04/02,,1,,欠航,,,,,,,,,,,,,,,,,,,,,,,,,,,定休日です。,定休日,定休日です。,,
渡辺釣船店,横浜港･新山下,2026/04/02,,1,,欠航,,,,,,,,,,,,,,,,,,,,,,,,,,,定休日。,定休日,定休日。,,
たいぞう丸,葉山あぶずり港,2026/04/02,,1,,欠航,,,,,,,,,,,,,,,,,,,,,,,,,,,定休日。,定休日,定休日。,,
幸丸,飯岡港,2026/04/02,,1,,欠航,,,,,,,,,,,,,,,,,,,,,,,,,,,30日～2日は臨時休業。,不明,30日～2日は臨時休業。,,
つる丸,大原港,2026/04/01,,1,,欠航,,,,,,,,,,,,,,,,,,,,,,,,,,,またウネリが出て、出れるか出れないかって感じになりそうなので出船中止に。,中止,またウネリが出て、出れるか出れないかって感じになりそうなので出船中止に。,,
石田丸,大津港,2026/04/01,,1,,欠航,,,,,,,,,,,,,,,,,,,,,,,,,,,予報悪く出しませんでした。昼前から北風が強まり、雨になりました。,荒天,予報悪く出しませんでした。昼前から北風が強まり、雨になりました。,,
恒丸,大磯港,2026/04/02,,1,,欠航,,,,,,,,,,,,,,,,,,,,,,,,,,,今日は出船なしです。,不明,今日は出船なしです。,,
恒丸,大磯港,2026/04/01,,1,,欠航,,,,,,,,,,,,,,,,,,,,,,,,,,,今日は波高く、シケでした。,荒天,今日は波高く、シケでした。,,
長崎屋,横浜本牧港,2026/04/02,,1,,欠航,,,,,,,,,,,,,,,,,,,,,,,,,,,定休日です。,定休日,定休日です。,,
渡辺釣船店,横浜港･新山下,2026/04/02,,1,,欠航,,,,,,,,,,,,,,,,,,,,,,,,,,,定休日。,定休日,定休日。,,
たいぞう丸,葉山あぶずり港,2026/04/02,,1,,欠航,,,,,,,,,,,,,,,,,,,,,,,,,,,定休日。,定休日,定休日。,,
幸丸,飯岡港,2026/04/02,,1,,欠航,,,,,,,,,,,,,,,,,,,,,,,,,,,30日～2日は臨時休業。,不明,30日～2日は臨時休業。,,
龍正丸,下田港,2026/04/07,1,0,シマアジ,シマアジ,メイン,シマアジ,,3,7,5,1,,,1.0,2.98,,銭洲沖,,,35.0,100.0,,,,,,,,,"ウメイロ,ヒメダイ,メイチダイ",,,銭洲船・8人の釣果。バラシ多数。,,
龍正丸,下田港,2026/04/07,1,0,シマアジ,シマアジ,サブ,スマ,,2,2,2,1,,,,,,,,,,,,,,,,,,,"ウメイロ,ヒメダイ,メイチダイ",,,銭洲船・8人の釣果。バラシ多数。,,
龍正丸,下田港,2026/04/06,1,0,シマアジ,シマアジ,メイン,シマアジ,,0,1,0,1,,,1.0,4.68,,銭洲沖,,,25.0,100.0,,,,,,,,,,,,銭洲船。バラシありあり。,,
龍正丸,下田港,2026/04/06,2,0,キンメダイ,キンメダイ,メイン,キンメ,,4,6,5,0,,,0.5,1.76,,新島沖,,,,,,,,,,,,,,,,キンメ船。。,,
山下丸,久比里港,2026/04/06,1,0,カワハギ,カワハギ,メイン,カワハギ,,3,7,5,0,17,27,,,,鴨居沖,竹岡沖,,20.0,30.0,,,,,,,,,,,,,,
山下丸,久比里港,2026/04/06,2,0,カサゴ,カサゴ,メイン,カサゴ,,28,38,33,0,16,27,,,,久里浜沖,,,25.0,30.0,,,,,,,,,,,,,,
山下丸,久比里港,2026/04/06,3,0,アマダイ,アマダイ,メイン,アマダイ,,0,3,1,0,20,30,,,,剣崎沖,,,75.0,100.0,,,,,,,,,,,,,,
山下丸,久比里港,2026/04/05,1,0,カワハギ,カワハギ,メイン,カワハギ,,0,7,3,0,16,28,,,,久里浜沖,鴨居沖,,20.0,30.0,,,,,,,,,,,,,,
山下丸,久比里港,2026/04/05,2,0,カサゴ,カサゴ,メイン,カサゴ,,10,26,18,0,15,25,,,,鴨居沖,,,30.0,30.0,,,,,,,,,,,,,,
山天丸,久比里港,2026/04/06,1,0,マルイカ,マルイカ,メイン,マルイカ,,18,93,55,0,15,30,,,,剣崎沖,,,60.0,75.0,,,,,,,,,,,,,,
巳之助丸,久比里港,2026/04/07,1,0,アジ,アジ,メイン,アジ,,23,69,46,0,22,34,,,,観音崎沖,,,40.0,70.0,,,,,,,,,"サバ,カサゴ,ホウボウ",,,日中船の釣果。他にサバ・カサゴ・ホウボウ。,,
巳之助丸,久比里港,2026/04/06,1,0,カワハギ,カワハギ,メイン,カワハギ,,0,4,2,0,18,27,,,,鴨居沖,竹岡沖,,15.0,25.0,,,,,,,,,"カサゴ,ホウボウ",,,日中船の釣果。他にカサゴ・ホウボウ。,,
巳之助丸,久比里港,2026/04/06,1,0,カワハギ,カワハギ,サブ,マコガレイ,,,,,0,45,45,,,,,,,,,,,,,,,,,"カサゴ,ホウボウ",,,日中船の釣果。他にカサゴ・ホウボウ。,,
巳之助丸,久比里港,2026/04/06,2,0,アジ,アジ,メイン,アジ,,30,77,53,0,22,34,,,,久里浜沖,観音崎沖,,45.0,55.0,,,,,,,,,"ホウボウ,カサゴ",,,日中船の釣果。他にホウボウ・カサゴ。,,
村井丸,保田港,2026/04/04,1,0,マダイ,マダイ,サブ,クロダイ,,1,6,3,0,32,45,,,,保田沖,,,25.0,30.0,,,,,,,,,"マダイ,イトヨリ交じり",,,LTタイ五目船。食い順調。,,
村井丸,保田港,2026/04/04,1,0,マダイ,マダイ,サブ,アジ,,1,7,4,0,31,48,,,,,,,,,,,,,,,,,"マダイ,イトヨリ交じり",,,LTタイ五目船。食い順調。,,
村井丸,保田港,2026/04/04,2,0,アジ,アジ,メイン,アジ,,10,32,21,0,24,38,,,,保田沖,,,90.0,90.0,,,,,,,,,アマダイ交じり,,,アジ五目船。食い順調。,,
村井丸,保田港,2026/04/04,3,0,アジ,アジ,メイン,アジ,,11,49,30,0,23,37,,,,保田沖,,,40.0,90.0,,,,,,,,,"イトヨリ,ムシガレイ,ホウボウ交じり",,,アジ・アマダイ五目船。食い順調。,,
村井丸,保田港,2026/04/03,1,0,マダイ,マダイ,サブ,クロダイ,,0,8,4,0,36,51,,,,保田沖,,,25.0,40.0,,,,,,,,,"メジナ,イサキ交じり",,,LTタイ五目船。食い順調。,,
村井丸,保田港,2026/04/03,1,0,マダイ,マダイ,サブ,アジ,,0,11,5,0,35,53,,,,,,,,,,,,,,,,,"メジナ,イサキ交じり",,,LTタイ五目船。食い順調。,,
村井丸,保田港,2026/04/03,2,0,アジ,アジ,メイン,アジ,,10,32,21,0,24,38,,,,保田沖,,,90.0,90.0,,,,,,,,,アマダイ交じり,,,アジ五目船。食いポツポツ。,,
村井丸,保田港,2026/04/03,3,0,イサキ,イサキ,メイン,イサキ,,4,16,10,0,23,31,,,,保田沖,,,30.0,50.0,,,,,,,,,"クロダイ,アジ,タカベ交じり",,,LT五目船。食いポツポツ。,,
不動丸,勝浦川津港,2026/04/08,1,0,ヤリイカ,ヤリイカ,メイン,ヤリイカ,,13,26,19,0,28,45,,,,勝浦沖前後,,,110.0,120.0,,,,,,二枚潮,,,スルメイカ交じった,,,中盤まで潮流れわずかで反応見え、時々サバの邪魔もあったが、中型主体に大型交じりでポツリポツリ釣れた。後半潮流れ速くなり二枚潮で釣りにくく苦戦。,,
不動丸,勝浦川津港,2026/04/06,1,0,ヤリイカ,ヤリイカ,メイン,ヤリイカ,,0,9,4,0,25,42,,,,勝浦沖前後,,,110.0,180.0,,,濁り,,,,,,,,,潮流れわずかで反応見えたがサバの邪魔あり潮色濁りすぎと底潮が冷えている様子で活性低く苦戦。。,,
恵漁丸,吉田港,2026/04/08,1,0,イサキ,イサキ,メイン,イサキ,,22,41,31,0,20,35,,,,,,,,,,,,,,,,,,,,,,
恵漁丸,吉田港,2026/04/06,1,0,キンメダイ,キンメダイ,メイン,キンメダイ,,9,11,10,0,,,1.0,1.8,,,,,,,,,,,,,,,,,,,,
大盛丸,外川港,2026/04/08,1,0,マダイ,マダイ,メイン,マダイ,,,,,0,,,,,,,,,,,,,,,,,,,,,,今日はハナダイ五目で出船。。,,
大盛丸,外川港,2026/04/08,1,0,マダイ,マダイ,サブ,カサゴ,,,,,0,,,,,,,,,,,,,,,,,,,,,,今日はハナダイ五目で出船。。,,
大盛丸,外川港,2026/04/08,1,0,マダイ,マダイ,サブ,チカメキントキ,,,,,0,,,,,,,,,,,,,,,,,,,,,,今日はハナダイ五目で出船。。,,
村松釣具店,大井川港,2026/04/04,1,0,シロギス,シロギス,メイン,キス,,3,7,5,0,15,20,,,,藤守前,,,,,,,,,,,,,,,,,,
村松釣具店,大井川港,2026/04/04,2,0,カサゴ,カサゴ,メイン,カサゴ,,3,5,4,0,6,10,,,,大井川港,,,,,,,,,,,,,,,,,,
村松釣具店,大井川港,2026/04/04,3,0,,,メイン,キビレダイ,,0,2,1,0,20,30,,,,大井川港,,,,,,,,,,,,,,,,,,
村松釣具店,大井川港,2026/04/03,1,0,クロダイ,クロダイ,メイン,クロダイ,,0,2,1,0,25,53,,,,北防,,,,,,,,,,,,,,,,,,
村松釣具店,大井川港,2026/04/03,2,0,コハダ,コハダ,メイン,コハダ,,10,20,15,0,10,12,,,,大井川港,,,,,,,,,,,,,,,,,,
村松釣具店,大井川港,2026/04/03,3,0,,,メイン,ヒイラギ,,10,30,20,0,5,7,,,,大井川港,,,,,,,,,,,,,,,,,,
つる丸,大原港,2026/04/08,1,0,ヒラメ,ヒラメ,メイン,ヒラメ,朝,0,3,1,0,,,1.3,2.8,,,,,,,,,濁り,,,,,,,,,またまた連休からの休み明けです!朝からヒラメ型あるが、濁りがあるせいかマハタ交じらず。釣れれば全部ヒラメ。,,
つる丸,大原港,2026/04/08,1,0,ヒラメ,ヒラメ,メイン,マハタ,朝,0,2,1,0,,,0.5,2.0,,,,,,,,,濁り,,,,,,,,,またまた連休からの休み明けです!朝からヒラメ型あるが、濁りがあるせいかマハタ交じらず。釣れれば全部ヒラメ。,,
つる丸,大原港,2026/04/08,2,0,マダイ,マダイ,メイン,マダイ,午後,0,3,1,0,,,0.5,2.0,,,,,,,,,,,,,,,"マハタ,カサゴ交じりでお土産になりました!切られたのが数回あったけど何か分からなかった",,,午後からは中マダイ交じりで!深場で型あるが潮が悪く釣りづらい…。数は出なかったけど他にマハタ・カサゴ交じりでお土産になりました!切られたのが数回あったけど何か分からなかった。,,
つる丸,大原港,2026/04/04,1,0,マハタ,マハタ,メイン,マハタ,朝,,,,0,,,,,,,,,,,,,,,,,,,,,,朝は無風で沖に出れました!マハタ、ヒラメ良いサイズ釣れて途中から風が…。浅場に入ってヒラメ型程度でした。,,
つる丸,大原港,2026/04/04,1,0,マハタ,マハタ,サブ,ヒラメ,朝,,,,0,,,,,,,,,,,,,,,,,,,,,,朝は無風で沖に出れました!マハタ、ヒラメ良いサイズ釣れて途中から風が…。浅場に入ってヒラメ型程度でした。,,
つる丸,大原港,2026/04/03,1,0,ヒラメ,ヒラメ,メイン,ヒラメ,午前,,,,0,,,,,,,,,,,,,,,,,,,,,,午前の釣果。ヒラメは型あるもののバタバタ食わず…。,,
つる丸,大原港,2026/04/03,1,0,ヒラメ,ヒラメ,メイン,マハタ,午前,,,,0,,,,,,,,,,,,,,,,,,,,,,午前の釣果。ヒラメは型あるもののバタバタ食わず…。,,
つる丸,大原港,2026/04/03,1,0,ヒラメ,ヒラメ,サブ,ワラサ,午前,,,,0,,,,,,,,,,,,,,,,,,,,,,午前の釣果。ヒラメは型あるもののバタバタ食わず…。,,
つる丸,大原港,2026/04/03,2,0,マダイ,マダイ,メイン,マダイ,午後,,,,0,,,3.0,3.0,,,,,,,,,,,,,,,"カサゴ,マハタ",,,午後の釣果。マダイ釣りはワラサパターン。,,
勇盛丸,大原港,2026/04/08,1,0,マハタ,マハタ,メイン,マハタ,,,,,0,,,1.0,1.0,,,,,,,,,,,,,,,"カサゴ,カンコ",,,外房大原港～マハタ&ヒラメに出船しました!潮の良い場所を探して水温が低かったのですが、開始アタリが良くて大型マハタ・ヒラメが好調に釣れました。その後もポチポチ順調にアタリ、マハタ最大3.07kg、2.98kg、2.24kg、他1kg級多数。,,
勇盛丸,大原港,2026/04/08,1,0,マハタ,マハタ,サブ,ヒラメ,,,,,0,,,1.0,1.0,,,,,,,,,,,,,,,"カサゴ,カンコ",,,外房大原港～マハタ&ヒラメに出船しました!潮の良い場所を探して水温が低かったのですが、開始アタリが良くて大型マハタ・ヒラメが好調に釣れました。その後もポチポチ順調にアタリ、マハタ最大3.07kg、2.98kg、2.24kg、他1kg級多数。,,
勇盛丸,大原港,2026/04/07,1,0,マハタ,マハタ,メイン,マハタ,,,,,0,,,1.0,1.0,,,,,,,,,,,,,,,"カサゴ,カンコ,メダイ",,,外房大原港～マハタ&ヒラメに出船しました。シケで出船出来ず…休み後の出船です。,,
勇盛丸,大原港,2026/04/07,1,0,マハタ,マハタ,サブ,ヒラメ,,,,,0,,,2.77,2.77,,,,,,,,,,,,,,,"カサゴ,カンコ,メダイ",,,外房大原港～マハタ&ヒラメに出船しました。シケで出船出来ず…休み後の出船です。,,
勇盛丸,大原港,2026/04/07,1,0,マハタ,マハタ,サブ,ヒラマサ,,,,,0,,,4.1,4.1,,,,,,,,,,,,,,,"カサゴ,カンコ,メダイ",,,外房大原港～マハタ&ヒラメに出船しました。シケで出船出来ず…休み後の出船です。,,
敷嶋丸,大原港,2026/04/04,1,0,フグ,フグ,メイン,フグ,,1,4,2,0,20,34,,,,太東沖,,,18.0,18.0,,,,,,,,,,,,デカアカメフグが釣れました。。,,
新幸丸,大原港,2026/04/08,1,0,マダイ,マダイ,メイン,マダイ,,0,6,3,0,,,0.3,2.0,,岩船沖,,,48.0,67.0,,,,,,,,,"カサゴ,ハタ,ウマヅラハギ",,,水温下がり潮も流れなかったが、良型マダイ型があり中マダイも入った、後半は水温上がり始め流れも出て来てゲスト交じりぽつぽつ喰った。水温上がって来たので明日が楽しみ!他にカサゴ・ハタ・ウマヅラハギ。,,
新幸丸,大原港,2026/04/07,1,0,マダイ,マダイ,メイン,マダイ,,1,3,2,0,,,0.3,2.4,,岩船沖,,,35.0,70.0,,,,,,,,,"カサゴ,ハタ",,,流れ良く中マダイに1kgクラス交じり喰い良かった。後半は流れが2ノット以上になり釣りづらくなってしまったが、良型マダイ型が出ていました。,,
新幸丸,大原港,2026/04/04,1,0,マダイ,マダイ,メイン,午前マダイ,午前,0,4,2,0,,,0.3,0.8,,岩船沖,,,,,,,,,,,,,"カサゴ,ハタ,アカイサキ",,,前半は30mラインでマダイ型があり、大マダイも喰ったがバレてしまった。後半は浅場に移動し型が出ていた。,,
春栄丸,大原港,2026/04/08,1,0,ヒラメ,ヒラメ,メイン,ヒラメ,午前,0,3,1,0,,,1.2,4.54,,太東沖,大原沖水深15,22m,30.0,43.0,,,,,,,,,"メバル数,カサゴ数交じる",,,午前ヒラメ(マハタ)釣り。ヒラメ0匹1人、3匹2人。,,
春栄丸,大原港,2026/04/08,1,0,ヒラメ,ヒラメ,メイン,マハタ,午前,0,3,1,0,,,0.4,1.6,,,,,,,,,,,,,,,"メバル数,カサゴ数交じる",,,午前ヒラメ(マハタ)釣り。ヒラメ0匹1人、3匹2人。,,
第三松栄丸,大原港,2026/04/08,1,0,ヒラメ,ヒラメ,メイン,ヒラメ,朝,0,3,1,0,,,1.2,3.61,,太東沖,,,28.0,39.0,,,,,,,,,カサゴ,,,朝は冷え込み寒ーい…。日中も天気は良くても風は冷たーい!風チョット強く少し釣り辛くも大ビラメ交じりにポツポツ釣れました!昨日同様ボウズ1名は残念無念…。,,
第三松栄丸,大原港,2026/04/08,1,0,ヒラメ,ヒラメ,メイン,マハタ,朝,0,1,0,0,,,1.23,1.23,,,,,,,,,,,,,,,カサゴ,,,朝は冷え込み寒ーい…。日中も天気は良くても風は冷たーい!風チョット強く少し釣り辛くも大ビラメ交じりにポツポツ釣れました!昨日同様ボウズ1名は残念無念…。,,
第三松栄丸,大原港,2026/04/07,1,0,ヒラメ,ヒラメ,メイン,ヒラメ,,0,2,1,0,,,0.5,2.68,,太東沖,大原沖,,16.0,35.0,,,,,,,,雨,カサゴ,,,ヒラメ&マハタ。定休日明けの今日～予報の割にはチョットした雨で済み良かったです!深場を攻めます!トップの数伸びず…。,,
第三松栄丸,大原港,2026/04/07,1,0,ヒラメ,ヒラメ,メイン,マハタ,,0,1,0,0,,,0.5,0.5,,,,,,,,,,,,,,雨,カサゴ,,,ヒラメ&マハタ。定休日明けの今日～予報の割にはチョットした雨で済み良かったです!深場を攻めます!トップの数伸びず…。,,
第三松栄丸,大原港,2026/04/03,1,0,ヒラメ,ヒラメ,メイン,ヒラメ,,0,3,1,0,,,1.2,4.04,,太東沖,,,30.0,40.0,,,,,,,,,カサゴ,,,ヒラメ&マハタ。海況悪い状態続き、久々の出船です。,,
第三松栄丸,大原港,2026/04/03,1,0,ヒラメ,ヒラメ,メイン,マハタ,,0,2,1,0,,,0.8,2.09,,太東沖,,,,,,,,,,,,,カサゴ,,,ヒラメ&マハタ。海況悪い状態続き、久々の出船です。,,
大洗丸,大洗港,2026/04/04,1,0,マダイ,マダイ,メイン,マダイ,,5,9,7,0,,,0.7,4.6,,,,,,,,,,,,,,,"ホウボウ,メバル,ブリ",,,テンヤマダイ・4人の釣果。群れや反応に乗せ、テンヤで大マダイ4.6kg、4.3kgはじめマダイ釣る。,,
石田丸,大津港,2026/04/07,,1,,欠航,,,,,,,,,,,,,,,,,,,,,,,,,,,定休日です。,定休日,定休日です。,,
石田丸,大津港,2026/04/06,1,0,アジ,アジ,メイン,マアジ,,8,8,8,0,22,28,,,,,,,,,,,,,,潮が速,,,,,,ボートの釣果。潮が速いためか?アジ苦戦!。,,
石田丸,大津港,2026/04/06,1,0,アジ,アジ,サブ,マゴチ,,,,,0,40,40,,,,,,,,,,,,,,潮が速,,,,,,ボートの釣果。潮が速いためか?アジ苦戦!。,,
石田丸,大津港,2026/04/05,,1,,欠航,,,,,,,,,,,,,,,,,,,,,,,,,,,朝、南西強風!予報が悪くなったため、出しませんでした。,荒天,朝、南西強風!予報が悪くなったため、出しませんでした。,,
恒丸,大磯港,2026/04/08,,1,,欠航,,,,,,,,,,,,,,,,,,,,,,,,,,,今日も出船なしです。,不明,今日も出船なしです。,,
恒丸,大磯港,2026/04/07,,1,,欠航,,,,,,,,,,,,,,,,,,,,,,,,,,,定休日です。,定休日,定休日です。,,
恒丸,大磯港,2026/04/06,,1,,欠航,,,,,,,,,,,,,,,,,,,,,,,,,,,今日も出船なしです。,不明,今日も出船なしです。,,
恒丸,大磯港,2026/04/05,,1,,欠航,,,,,,,,,,,,,,,,,,,,,,,,,,,予報が良くないので出船中止にさせていただきました。,中止,予報が良くないので出船中止にさせていただきました。,,
恒丸,大磯港,2026/04/04,,1,,欠航,,,,,,,,,,,,,,,,,,,,,,,,,,,今日は出船なしです。,不明,今日は出船なしです。,,
共栄丸,富浦港,2026/04/06,1,0,マダイ,マダイ,メイン,マダイ,午前,0,9,4,0,,,0.6,2.6,,,,,,,,,,,,,,,"ハナダイ,イサキ,ショゴ",,,午前便の釣果。たまにポツポツアタリパターンにハマった人は連発したりしてました。,,
共栄丸,富浦港,2026/04/06,2,0,マダイ,マダイ,メイン,マダイ,午後,0,5,2,0,,,0.5,1.7,,,,,,,,,,,,,,,"イサキ,カイワリ",,,午後便の釣果。午後は反応あるもパッとしなく難しかったですね。,,
平安丸,小田原早川港,2026/04/08,1,0,ヤリイカ,ヤリイカ,メイン,ヤリイカ,,2,11,6,0,25,43,,,,二宮沖,,,,,,,,,,,,,,,,,,
平安丸,小田原早川港,2026/04/08,2,0,キンメダイ,キンメダイ,メイン,キンメ,,1,1,1,0,27,32,,,,真鶴沖,,,,,,,,,,,,,,,,,,
平安丸,小田原早川港,2026/04/08,2,0,キンメダイ,キンメダイ,メイン,クロムツ,,1,4,2,0,35,40,,,,,,,,,,,,,,,,,,,,,,
平安丸,小田原早川港,2026/04/08,3,0,マダイ,マダイ,メイン,マダイ,,,,,0,,,,,,小田原沖,,,,,,,,,,,,,"メダイ,クロムツ,サバ交じる",,,マダイ型見ず、バラシあり。他にメダイ・クロムツ・サバ交じる。,,
平安丸,小田原早川港,2026/04/07,1,0,ビシアジ,ビシアジ,メイン,ビシアジ,,0,31,15,0,22,35,,,,二宮沖,,,,,,,,,,,,,,,,,,
平安丸,小田原早川港,2026/04/07,2,0,マダイ,マダイ,メイン,マダイ,,,,,0,,,,,,小田原沖,,,,,,,,,,,,,"アジ,サバ交じる",,,他にアジ・サバ交じる。。,,
平安丸,小田原早川港,2026/04/06,1,0,マダイ,マダイ,メイン,マダイ,,0,1,0,1,,,2.5,2.5,,小田原沖,,,,,,,,,,,,,"メダイ,アジ,クロムツ",,,他にメダイ・アジ・クロムツ・シロムツ交じる。。,,
平安丸,小田原早川港,2026/04/06,2,0,,,メイン,カンコ,,1,1,1,1,,,2.5,2.5,,小田原沖,,,,,,,,,,,,,"シロムツ,メダイ,アラ交じる",,,根魚船。他にシロムツ・メダイ・アラ交じる。,,
平安丸,小田原早川港,2026/04/04,1,0,マダイ,マダイ,メイン,マダイ,,,,,0,,,,,,小田原沖,,,,,,,,,,,,,"アマダイ,アジ,サバ",,,他にアマダイ・アジ・サバ・小イサキ交じる。。,,
平安丸,小田原早川港,2026/04/04,2,0,アジ,アジ,メイン,アジ,,15,32,23,0,20,35,,,,二宮沖,小田原沖,,,,,,,,,,,,"アマダイ,カサゴ交じる",,,ウィリー五目仕立。他にアマダイ・カサゴ交じる。,,
翔太丸,小網代港,2026/04/08,1,0,マルイカ,マルイカ,メイン,マルイカ,,0,32,16,0,14,35,,,,小網代沖,城ヶ島東沖,,60.0,70.0,,,,北,強,,,,,,,チョット強く吹きました。出船してからのが北風強まり、アタリ取れない。,,
翔太丸,小網代港,2026/04/06,1,0,マルイカ,マルイカ,メイン,マルイカ,,1,32,16,0,15,35,,,,城ヶ島西沖,東沖,,60.0,70.0,,,,,,,ウネリ,,,,,ナギたんですがシケ後のウネリが残りました。前半はチョット海悪くゴロゴロ釣り辛い状態で底がまだ荒れ気味か…?前半は反応が少なく停まれなかったです。,,
船宿 まる八,平和島,2026/04/04,1,0,アジ,アジ,メイン,アジ,ショート,18,78,48,0,16,28,,,,木更津沖,,,15.0,25.0,,,,,,,,雨,,,,LTショートアジ乗合船。今日は一日雨が降ったり止んだりでしたが、皆様頑張っていただき、貸し竿の方もお土産バッチリ。,,
庄治郎丸,平塚港,2026/04/08,1,0,タイ五目,タイ五目,メイン,アジ,,3,13,8,0,,,,,,,,,,,,,,,,,,,"アマダイ,カガミダイ,クロムツ",,,LT五目。他にアマダイ・カガミダイ・クロムツ・サバ・カサゴ・イトヨリ。,,
庄治郎丸,平塚港,2026/04/08,2,0,アマダイ,アマダイ,メイン,アマダイ,,2,3,2,0,20,47,,,,,,,,,,,,,,,,,"大アジ,アカボラ",,,他45cm。他に大アジ・アカボラ。,,
庄治郎丸,平塚港,2026/04/08,3,0,ムギイカ,ムギイカ,メイン,マルイカ,,6,31,18,0,20,30,,,,,,,,,,,,,,,,,,,,ニセイカ2割交じる。。,,
庄治郎丸,平塚港,2026/04/08,4,0,アジ,アジ,メイン,アジ,,4,11,7,0,26,43,,,,,,,,,,,,,,,,,サバ,,,他にサバ。。,,
庄治郎丸,平塚港,2026/04/06,1,0,アマダイ,アマダイ,メイン,アマダイ,,3,3,3,0,20,30,,,,,,,,,,,,,,,,,"アカボラ,トラフグ,サクラダイ",,,他にアカボラ・トラフグ・サクラダイ・カサゴ・キダイ・ユメカサゴ・ワニゴチ・トンビギス・アラ・トラギス。。,,
庄治郎丸,平塚港,2026/04/06,2,0,ムギイカ,ムギイカ,メイン,マルイカ・ニセイカ,,24,70,47,0,22,30,,,,,,,,,,,,,,,,,,,,ニセイカ3～5割交じり。。,,
庄治郎丸,平塚港,2026/04/06,3,0,タイ五目,タイ五目,メイン,クロムツ,,3,5,4,0,20,37,,,,,,,,,,,,,,,,,"キンメ,ユメカサゴ,ルアーで他にクロムツ",,,根魚五目。他にキンメ・ユメカサゴ、ルアーで他にクロムツ・キンメ。,,
庄治郎丸,平塚港,2026/04/04,1,0,タイ五目,タイ五目,メイン,アジ,,6,30,18,0,20,37,,,,,,,,,,,,,,,,,"サバ,マトウダイ,カガミダイ",,,LT五目。他にサバ・マトウダイ・カガミダイ・イトヨリ・カサゴ。,,
庄治郎丸,平塚港,2026/04/04,1,0,タイ五目,タイ五目,メイン,マダイ,,0,1,0,0,,,0.9,2.55,,,,,,,,,,,,,,,"サバ,マトウダイ,カガミダイ",,,LT五目。他にサバ・マトウダイ・カガミダイ・イトヨリ・カサゴ。,,
庄治郎丸,平塚港,2026/04/04,1,0,タイ五目,タイ五目,メイン,ハナダイ,,,,,0,,,0.6,0.6,,,,,,,,,,,,,,,"サバ,マトウダイ,カガミダイ",,,LT五目。他にサバ・マトウダイ・カガミダイ・イトヨリ・カサゴ。,,
庄治郎丸,平塚港,2026/04/04,1,0,タイ五目,タイ五目,メイン,シロアマダイ,,,,,0,,,0.8,0.8,,,,,,,,,,,,,,,"サバ,マトウダイ,カガミダイ",,,LT五目。他にサバ・マトウダイ・カガミダイ・イトヨリ・カサゴ。,,
庄治郎丸,平塚港,2026/04/04,2,0,アマダイ,アマダイ,メイン,アマダイ・シロアマダイ,,0,5,2,0,20,43,,,,,,,,,,,,,,,,,,,,,,
伊達丸,御前崎港,2026/04/06,1,0,マダイ,マダイ,メイン,マダイ,,,,,0,,,,,,金州,,,,,,,,,,,,,,,,タイラバ便。今日の金州は潮も弱く、前半から反応中々見つけられず、後半ようやく反応ありアタリポツポツと出始めたがタイムアップに…。,,
博栄丸,御前崎港,2026/04/06,1,0,カンパチ,カンパチ,メイン,カンパチ,,,,,0,,,,,,金洲,,,,,,,,,,,,,,,,反応良く多くも食いつきはいまいち。まだ水温上げてくるので活発になるでしょう。,,
博栄丸,御前崎港,2026/04/06,1,0,カンパチ,カンパチ,サブ,小シマアジ,,,,,0,,,,,,,,,,,,,,,,,,,,,,反応良く多くも食いつきはいまいち。まだ水温上げてくるので活発になるでしょう。,,
博栄丸,御前崎港,2026/04/06,1,0,カンパチ,カンパチ,サブ,イサキ,,,,,0,,,,,,,,,,,,,,,,,,,,,,反応良く多くも食いつきはいまいち。まだ水温上げてくるので活発になるでしょう。,,
博栄丸,御前崎港,2026/04/06,1,0,カンパチ,カンパチ,サブ,ヒメダイ,,,,,0,,,,,,,,,,,,,,,,,,,,,,反応良く多くも食いつきはいまいち。まだ水温上げてくるので活発になるでしょう。,,
博栄丸,御前崎港,2026/04/06,1,0,カンパチ,カンパチ,サブ,ウマヅラハギ,,,,,0,,,,,,,,,,,,,,,,,,,,,,反応良く多くも食いつきはいまいち。まだ水温上げてくるので活発になるでしょう。,,
博栄丸,御前崎港,2026/04/06,1,0,カンパチ,カンパチ,サブ,カサゴ,,,,,0,,,,,,,,,,,,,,,,,,,,,,反応良く多くも食いつきはいまいち。まだ水温上げてくるので活発になるでしょう。,,
増福丸,御前崎港,2026/04/04,1,0,マダイ,マダイ,メイン,マダイ,,0,4,2,1,35,75,,,,御前崎沖,,,30.0,50.0,,,,,,,,,"イサキ,大アジ等交じる",,,乗合・7人の釣果。大型マダイ出ました。,,
明広丸,御宿岩和田港,2026/04/06,1,0,マハタ,マハタ,メイン,マハタ,午前,0,2,1,1,,,0.5,1.4,,勝浦灯台沖,岩和田沖航程20分,,20.0,70.0,,,濁り,,,,ウネリ,,"メダイ,ハチカサゴ,カサゴ",,,午前船の釣果。今日は朝からアジの反応があったので、部原沖からアジ釣り、ウネリ高く、水温下がり、潮色濁り、喰い渋かったのでマハタ、ヒラメ狙いに切り替えて、勝浦灯台沖から潮の流れ速く、潮型悪く、ヒラメが1匹とカサゴが5匹上がっただけだったので、岩和田沖に移動して潮の流れ速すぎキツク、潮型も非常に悪く、底取れずアタリ無く大苦戦。,,
明広丸,御宿岩和田港,2026/04/06,1,0,マハタ,マハタ,サブ,メダイ,午前,5,5,5,1,,,2.0,4.0,,部原沖,,,,,,,濁り,,,,ウネリ,,"メダイ,ハチカサゴ,カサゴ",,,午前船の釣果。今日は朝からアジの反応があったので、部原沖からアジ釣り、ウネリ高く、水温下がり、潮色濁り、喰い渋かったのでマハタ、ヒラメ狙いに切り替えて、勝浦灯台沖から潮の流れ速く、潮型悪く、ヒラメが1匹とカサゴが5匹上がっただけだったので、岩和田沖に移動して潮の流れ速すぎキツク、潮型も非常に悪く、底取れずアタリ無く大苦戦。,,
明広丸,御宿岩和田港,2026/04/03,1,0,マハタ,マハタ,メイン,マハタ,午前,1,2,1,1,,,0.6,3.3,,岩和田沖航程20,25分,,20.0,70.0,,,濁り,,,,,,"ヒラメ,ハチカサゴ,カサゴ",,,午前船の釣果。今日は朝からアジの反応がなかったので、アジ釣りはしないでマハタ狙いに切り替えました。,,
大貫丸,日立久慈港,2026/04/08,1,0,マダイ,マダイ,メイン,マダイ,,0,3,1,0,,,0.3,1.2,,,,,,,,,,,,,,,"ハナダイ,カサゴ,メバル",,,テンヤマダイ船。1.2kg、1.1kgを最大に良い人2～3匹でした!!他にハナダイ・カサゴ・メバル・マハタ・ウマヅラハギ・イナダ・ホウボウ・ショウサイフグ等!。,,
大貫丸,日立久慈港,2026/04/06,1,0,マダイ,マダイ,メイン,マダイ,,0,3,1,0,,,0.3,1.9,,,,,,,,,,,,,,,"ヒラメ,ハナダイ,カサゴ",,,テンヤマダイ船。1.9kg、1.8kgヒット!!良型交じり良い人2～3匹でした!!他にヒラメ・ハナダイ・カサゴ・メバル・マハタtイナダ・ホウボウ・ショウサイフグなど!。,,
大貫丸,日立久慈港,2026/04/04,1,0,マダイ,マダイ,メイン,マダイ,,0,4,2,0,,,0.3,1.0,,,,,,,,,,,,,,,"ヒラメ,ハナダイ,カサゴ",,,テンヤマダイ船。1kg含み良い人3～4匹でした!!他にヒラメ・ハナダイ・カサゴ・メバル・マハタ・ソイ・ウマヅラハギ・ホウボウ・イナダ等!。,,
宮田丸,日立久慈港,2026/04/06,1,0,マダイ,マダイ,メイン,マダイ,,1,4,2,0,,,0.2,2.5,,,,,,,,,,,,,,,"イナダ,マハタ,カサゴ",,,テンヤマダイ。前半アタリ少なく苦戦でしたが、残り1時間アタリが見られ良型マダイ上がりました。,,
宮田丸,日立久慈港,2026/04/05,1,0,マダイ,マダイ,メイン,マダイ,,1,3,2,0,,,0.2,2.0,,,,,,,,,,,,,,,"イナダ,マハタ,カサゴ",,,テンヤマダイ。低気圧通過の影響で海悪く数は伸びませんでしたか良型マダイ上がりました。,,
宮田丸,日立久慈港,2026/04/04,1,0,マダイ,マダイ,メイン,マダイ,,1,9,5,0,,,0.2,2.0,,,,,,,,,,,,,,,"イナダ,マハタ,カサゴ",,,テンヤマダイ。今日は良潮の流れ程良く、良型マダイ、ゲストともに好釣果でした。,,
弘漁丸,日立久慈港,2026/04/08,1,0,マダイ,マダイ,メイン,マダイ,,2,5,3,0,,,0.3,3.1,,,,,,,,,,,,,,,,,,,,
弘漁丸,日立久慈港,2026/04/07,1,0,マダイ,マダイ,メイン,マダイ,,0,7,3,0,,,0.3,2.0,,,,,,,,,,,,,,,,,,,,
弘漁丸,日立久慈港,2026/04/04,1,0,マダイ,マダイ,メイン,マダイ,,0,5,2,0,,,0.3,1.7,,,,,,,,,,,,,,,,,,,,
日正丸,日立久慈港,2026/04/08,1,0,マダイ,マダイ,メイン,マダイ,,0,3,1,0,,,0.3,1.3,,,,,28.0,40.0,,,,,,,,,"ハナダイ,カサゴ,メバル",,,本日テンヤマダイ船!最大1.3kg!ゲスト多彩に釣れました!他にハナダイ・カサゴ・メバル・マハタ・ソイ・ヒラメ・イナダ。。,,
須原屋,東葛西,2026/04/08,1,0,アジ,アジ,メイン,ライトアジ,,30,100,65,0,16,25,,,,横浜沖,,,20.0,20.0,,,,,,,,,,,,,,
須原屋,東葛西,2026/04/05,1,0,アジ,アジ,メイン,ライトアジ,,30,100,65,0,16,25,,,,横浜沖,,,20.0,20.0,,,,,,,,,,,,,,
須原屋,東葛西,2026/04/04,1,0,アジ,アジ,メイン,ライトアジ,,10,60,35,0,16,25,,,,横浜沖,,,20.0,20.0,,,,,,,,,,,,,,
あまさけや丸,松輪江奈港,2026/04/08,1,0,マダイ,マダイ,メイン,マダイ,,0,2,1,0,,,1.2,3.8,,,,,,,,,,,,,,,,,,,,
あまさけや丸,松輪江奈港,2026/04/08,2,0,アジ,アジ,メイン,アジ,,,,,0,,,,,,,,,,,,,,,,,,,,,,泳がせはバラシで釣れず。アジのみ。,,
あまさけや丸,松輪江奈港,2026/04/07,1,0,マダイ,マダイ,メイン,マダイ,,0,2,1,0,,,0.8,1.2,,,,,,,,,,,,,,,"クロダイ,アジ,サバ",,,風の為、早上がり。12時入港。,,
あまさけや丸,松輪江奈港,2026/04/06,1,0,マダイ,マダイ,メイン,マダイ,,1,7,4,0,,,0.6,1.7,,,,,,,,,,,,,,,"ハナダイ,イナダ",,,他にハナダイ・イナダ。。,,
あまさけや丸,松輪江奈港,2026/04/05,1,0,マダイ,マダイ,メイン,マダイ,,0,6,3,0,,,1.0,1.5,,,,,,,,,,,,,,,,,,,,
あまさけや丸,松輪江奈港,2026/04/05,2,0,マダイ,マダイ,メイン,マダイ,,0,2,1,0,,,0.8,2.3,,,,,,,,,,,,,,,アジ,,,他にアジ。。,,
あまさけや丸,松輪江奈港,2026/04/05,3,0,マダイ,マダイ,メイン,タイ,,0,2,1,0,,,0.8,1.0,,,,,,,,,,,,,,,,,,,,
あまさけや丸,松輪江奈港,2026/04/04,1,0,マダイ,マダイ,メイン,マダイ,,1,1,1,0,,,1.0,1.0,,,,,,,,,,,,,,,"ブリ,ホウボウ",,,タイラバ。風になり12時早上がり。,,
喜平治丸,松輪間口港,2026/04/08,1,0,マルイカ,マルイカ,メイン,マルイカ,,1,50,25,0,15,35,,,,城ヶ島沖,剣崎沖,,65.0,80.0,,,,,,,,,,,,,,
喜平治丸,松輪間口港,2026/04/08,2,0,マダイ,マダイ,メイン,マダイ,,0,2,1,0,,,1.0,2.0,,久里浜沖,,,50.0,50.0,,,,,,,,,,,,仕立船の釣果。久里浜沖です。,,
喜平治丸,松輪間口港,2026/04/08,2,0,マダイ,マダイ,サブ,クロダイ,,0,1,0,0,,,,,,久里浜沖,,,,,,,,,,,,,,,,仕立船の釣果。久里浜沖です。,,
喜平治丸,松輪間口港,2026/04/06,1,0,マルイカ,マルイカ,メイン,マルイカ,,0,47,23,0,15,35,,,,城ヶ島沖,,,50.0,70.0,,,,,,,,,,,,,,
喜平治丸,松輪間口港,2026/04/06,2,0,マダイ,マダイ,メイン,マダイ,,2,7,4,0,,,0.7,3.8,,剣崎沖,久里浜沖,,50.0,50.0,,,,,,,,,,,,剣崎沖から久里浜沖です。バラシもありましたが、一日ポツポツと釣れました!ボウズ無しでトップ7匹で、最大3.8kgでした。,,
長崎屋,横浜本牧港,2026/04/08,1,0,シロギス,シロギス,メイン,ショートシロギス,ショート,14,132,73,0,14,23,,,,航程10,25分位,,,,,,,北,強,,,,"イシモチ,ムシガレイ等",,,好調!前半は北風が強めで釣り辛い状況。良型中心に1日ポツポツとアタリ続き今日も好調でした!トップは132匹!2番手124匹、3番手108匹、4番手104匹。,,
長崎屋,横浜本牧港,2026/04/08,2,0,シーバス,シーバス,メイン,シーバス,,0,21,10,0,25,67,,,,,,,,,,,,,,,,,,,,ルアー。強風の影響か、魚影は多数あり、鳥山が出ているポイントもありましたが、ちょっとテクニカルな感じでした。,,
長崎屋,横浜本牧港,2026/04/07,,1,,欠航,,,,,,,,,,,,,,,,,,,,,,,,,,,低気圧通過で予報が悪いため出船中止しました。,中止,低気圧通過で予報が悪いため出船中止しました。,,
長崎屋,横浜本牧港,2026/04/06,1,0,シロギス,シロギス,メイン,ショートシロギス,ショート,20,159,89,0,14,24,,,,航程10,25分位,,,,,,,,,二枚潮,,,"ホウボウ,マゴチ",,,好調!良型中心に1日ポツポツとアタリ続き今日も好調でした!ただ、潮が二枚潮気味のため釣り辛かったです。トップは1本竿で159匹!2番手83匹、3番手76匹。,,
長崎屋,横浜本牧港,2026/04/06,2,0,シーバス,シーバス,メイン,シーバス,,0,20,10,0,25,53,,,,,,,,,,,,,,潮が速,,,,,,ルアー。小型が多めのポイントはポツリポツリながらもアタリ多数!良型の出そうなポイントは何処も潮が速く、活性イマイチで単発ヒットのみでした。,,
長崎屋,横浜本牧港,2026/04/05,1,0,シロギス,シロギス,メイン,ショートシロギス,ショート,11,136,73,0,14,24,,,,航程10,25分位,,,,,,,,,,,,"ホウボウ,イシモチ,カサゴ",,,好調!早朝まで南西強風が吹いていた影響で波が残り、横揺れで釣り辛い状況。シロギスの方は強風の影響なく、良型中心に1日ポツポツとアタリ続き好調でした!トップは1本竿で136匹!2番手92匹、3番手89匹、4番手82匹、5番手81匹。,,
長崎屋,横浜本牧港,2026/04/05,2,0,シーバス,シーバス,メイン,シーバス,,0,13,6,0,25,66,,,,,,,,,,,,,,,,,,,,ルアー。強風の影響で波があり、幾らか波のないポイントから狙い、小型が多めながらもポツポツとヒット!その後は良型の出そうなポイントを回り、45～50cm級が何度かポツポツと釣れましたが長くは続かず!トップ13匹、2番手12匹。,,
長崎屋,横浜本牧港,2026/04/05,3,0,アジ,アジ,メイン,ショートLTアジ,ショート,31,102,66,0,17,27,,,,,,,,,,,,,,,,,クロダイ,,,近場のライトアジ!小型中心に中型交じりで1日ポツポツとアタリあり好調でした!平均50～60匹とお土産になりました。他にクロダイ。,,
長崎屋,横浜本牧港,2026/04/04,1,0,シロギス,シロギス,メイン,ショートシロギス,ショート,30,190,110,0,14,24,,,,航程10,25分位,,,,,,,,,,,,"ホウボウ,イシモチ,マゴチ",,,好調!予報より風の吹き出しが遅く、ほぼナギで釣りが出来ました!今日は良型中心に1日ポツポツとアタリ続き好調でした!トップは190匹!2番手140匹、3番手122匹、4番手103匹。ほぼ40匹オーバーでした。,,
長崎屋,横浜本牧港,2026/04/04,2,0,アジ,アジ,メイン,ショートLTアジ,ショート,40,91,65,0,17,26,,,,,,,,,,,,,,,,雨,クロダイ,,,近場のライトアジ!雨風予報もあり土曜日ながらゆったりで出船。小型中心に中型交じりで1日ポツポツとアタリあり好調でした!ただ、掛かりが浅くバラシが多かったです。,,
渡辺釣船店,横浜港･新山下,2026/04/06,1,0,アジ,アジ,メイン,午前LTアジ,午前,20,77,48,0,17,28,,,,横浜沖前後,,,15.0,20.0,,,,,,,,,,,,,,
渡辺釣船店,横浜港･新山下,2026/04/05,1,0,アジ,アジ,メイン,午前LTアジ,午前,10,57,33,0,17,28,,,,横浜沖前後,,,15.0,20.0,,,,,,,,,,,,,,
渡辺釣船店,横浜港･新山下,2026/04/05,2,0,アジ,アジ,メイン,午後LTアジ,午後,10,58,34,0,17,28,,,,横浜沖前後,,,15.0,20.0,,,,,,,,,,,,朝一から終わりまでポツポツと順調に釣れてくれました。～20cmクラスは交じりましたが、激うまサイズが主体でした。,,
渡辺釣船店,横浜港･新山下,2026/04/05,3,0,タチウオ,タチウオ,メイン,タチウオ,,5,10,7,0,60,90,,,,猿島沖,,,,,,,,,,,,,,,,ルアー。10匹は2名様。,,
渡辺釣船店,横浜港･新山下,2026/04/04,1,0,アジ,アジ,メイン,午前LTアジ,午前,5,42,23,0,17,28,,,,横浜沖前後,,,15.0,20.0,,,,,,,,,,,,,,
渡辺釣船店,横浜港･新山下,2026/04/04,2,0,アジ,アジ,メイン,午後LTアジ,午後,8,21,14,0,17,28,,,,横浜沖前後,,,15.0,20.0,,,,,,,,,,,,朝一から終わりまでポツポツと順調に釣れてくれました。～20cmクラスは交じりましたが、激うまサイズが主体でした。,,
渡辺釣船店,横浜港･新山下,2026/04/04,3,0,タチウオ,タチウオ,メイン,タチウオ,,0,9,4,0,60,100,,,,猿島沖前後,,,60.0,60.0,,,,,,,,,,,,ルアー。終日、猿島沖水深60m前後を狙っていきました。,,
渡辺釣船店,横浜港･新山下,2026/04/03,1,0,アジ,アジ,メイン,午前LTアジ,午前,35,77,56,0,17,28,,,,横浜沖前後,,,15.0,20.0,,,,,,,,,,,,,,
渡辺釣船店,横浜港･新山下,2026/04/03,2,0,アジ,アジ,メイン,午後LTアジ,午後,29,50,39,0,17,28,,,,横浜沖前後,,,15.0,20.0,,,,,,,,,,,,連日絶好調です!!朝一から終わりまでポツポツと順調に釣れてくれました。～20cmクラスは交じりなしたが、激うまサイズが主体でした。,,
渡辺釣船店,横浜港･新山下,2026/04/02,,1,,欠航,,,,,,,,,,,,,,,,,,,,,,,,,,,定休日。,定休日,定休日。,,
林遊船,江戸川放水路･原木中山,2026/04/06,1,0,クロダイ,クロダイ,メイン,午前クロダイ,午前,1,5,3,1,35,48,,,,,,,,,,,,,,,,,マゴチ,,,チニング・乗合船の釣果。他にマゴチ。,,
林遊船,江戸川放水路･原木中山,2026/04/06,2,0,シーバス,シーバス,メイン,午後シーバス,午後,6,6,6,0,50,68,,,,,,,,,,,,,,,,,,,,乗合船の釣果。1名様で出船でした。,,
林遊船,江戸川放水路･原木中山,2026/04/06,3,0,シーバス,シーバス,メイン,午後シーバス,午後,18,25,21,1,50,73,,,,,,,,,,,,,,,,,,,,チャーター船の釣果。。,,
林遊船,江戸川放水路･原木中山,2026/04/05,1,0,シーバス,シーバス,メイン,午前シーバス,午前,2,8,5,1,50,76,,,,,,,,,,,,,,,,,,,,,,
林遊船,江戸川放水路･原木中山,2026/04/05,2,0,シーバス,シーバス,メイン,午前シーバス,午前,0,5,2,1,50,70,,,,,,,,,,,,,,,,,,,,,,
林遊船,江戸川放水路･原木中山,2026/04/05,3,0,シーバス,シーバス,メイン,午前シーバス,午前,4,9,6,1,50,73,,,,,,,,,,,,,,,,,,,,チャーター船の釣果。。,,
林遊船,江戸川放水路･原木中山,2026/04/05,4,0,アジ,アジ,メイン,アジ,,15,40,27,0,15,34,,,,,,,,,,,,,,,,,,,,乗合船の釣果。平均30匹。,,
林遊船,江戸川放水路･原木中山,2026/04/05,5,0,シーバス,シーバス,メイン,1日シーバス,,0,4,2,1,20,50,,,,,,,,,,,,,,,,,,,,仕立船の釣果。。,,
秀丸,沼津内港,2026/04/07,,1,,欠航,,,,,,,,,,,,,,,,,,,,,,,,,,,休業。,不明,休業。,,
秀丸,沼津内港,2026/04/06,1,0,マルイカ,マルイカ,メイン,マルイカ・ムギイカ,夜,1,21,11,0,15,25,,,,沼津沖,,,,,,,,,,,,,,,,早夜マルイカ。ゼロテン直結仕掛け。,,
秀丸,沼津内港,2026/04/06,2,0,マルイカ,マルイカ,メイン,マルイカ・ムギイカ,夜,23,23,23,0,,,,,,沼津沖,,,,,,,,,,,,,,,,早夜マルイカ。一つスッテ(イカメタル)。,,
秀丸,沼津内港,2026/04/06,3,0,アジ,アジ,メイン,アジ,,18,18,18,0,,,,,,沼津沖,,,,,,,,,,,,,,,,ディープアジング。。,,
秀丸,沼津内港,2026/04/05,,1,,欠航,,,,,,,,,,,,,,,,,,,,,,,,,,,組合船止めの為、休業。,不明,組合船止めの為、休業。,,
秀丸,沼津内港,2026/04/03,1,0,マルイカ,マルイカ,メイン,マルイカ・ムギイカ,夜,3,26,14,0,15,25,,,,沼津沖,,,,,,,,,,潮が速,,,,,,早夜マルイカ。ゼロテン直結仕掛け。,,
秀丸,沼津内港,2026/04/03,2,0,マルイカ,マルイカ,メイン,アジ,夜,28,28,28,0,,,,,,沼津沖,,,,,,,,,,,,,,,,早夜マルイカ。ディープアジング。,,
秀丸,沼津内港,2026/04/03,3,0,マルイカ,マルイカ,メイン,マルイカ・ムギイカ,夜,8,25,16,0,15,25,,,,沼津沖,,,,,,,,,,,,,,,,深夜マルイカ。ゼロテン直結仕掛け。,,
秀丸,沼津内港,2026/04/03,4,0,マルイカ,マルイカ,メイン,マルイカ・ムギイカ,夜,12,12,12,0,15,25,,,,沼津沖,,,,,,,,,,,,,,,,深夜マルイカ。一つスッテ(イカメタル)。,,
第八幸松丸,沼津静浦,2026/04/06,1,0,マダイ,マダイ,メイン,マダイ,午前,0,1,0,0,,,0.8,1.2,,,,,,,,,,,,,,,イナダ,,,午前便コマセマダイ。朝からコマセに反応が悪く苦戦しました。,,
仁徳丸,波崎港,2026/04/06,1,0,メヌケ,メヌケ,メイン,メヌケ,,0,10,5,0,,,1.0,4.6,,犬吠沖前後,,,300.0,400.0,,,,,,,,,,,,前半のポイント潮の流れ速く、ポイントを変えてからポツポツ食った。。,,
吉久,浦安,2026/04/08,1,0,トラフグ,トラフグ,メイン,トラフグ,,0,4,2,0,38,65,,,,富浦沖,,,70.0,70.0,,,,,,,,,,,,大型!トップ4匹3名様!,,
吉久,浦安,2026/04/06,1,0,トラフグ,トラフグ,メイン,トラフグ,,0,4,2,0,38,62,4.2,4.2,,富浦沖,,,80.0,80.0,,,,,,,,,,,,最大62cm(4.2kg)!!2番手3匹2名様!,,
吉久,浦安,2026/04/04,1,0,トラフグ,トラフグ,メイン,トラフグ,,0,1,0,0,38,60,5.1,5.1,,富浦沖,,,80.0,80.0,,,,,,,,,,,,最大60cm(5.1kg)!,,
吉野屋,浦安,2026/04/08,1,0,アジ,アジ,メイン,アジ,,20,43,31,0,23,35,,,,横須賀沖,,,50.0,50.0,,,,,,,,,,,,ビシアジ船。。,,
吉野屋,浦安,2026/04/08,2,0,トラフグ,トラフグ,メイン,トラフグ,,0,1,0,0,,,1.8,3.2,,富浦沖,,,80.0,80.0,,,,,,,,,,,,,,
吉野屋,浦安,2026/04/08,3,0,アジ,アジ,メイン,アジ,,20,91,55,0,15,23,,,,本牧沖,,,20.0,20.0,,,,,,,,,,,,LTアジ船。。,,
吉野屋,浦安,2026/04/08,4,0,シロギス,シロギス,メイン,シロギス,,16,77,46,0,12,24,,,,木更津沖,,,18.0,18.0,,,,,,,,,,,,,,
吉野屋,浦安,2026/04/06,1,0,トラフグ,トラフグ,メイン,トラフグ,,0,3,1,0,,,1.8,7.8,,富浦沖,,,80.0,80.0,,,,,,,,,,,,,,
吉野屋,浦安,2026/04/06,2,0,アジ,アジ,メイン,アジ,,68,100,84,0,15,25,,,,川崎沖,,,15.0,15.0,,,,,,,,,,,,,,
吉野屋,浦安,2026/04/06,3,0,アジ,アジ,メイン,アジ,,19,50,34,0,23,40,,,,横須賀沖,,,50.0,50.0,,,,,,,,,,,,,,
吉野屋,浦安,2026/04/06,4,0,カサゴ,カサゴ,メイン,カサゴ,,22,28,25,0,12,27,,,,横浜沖,,,20.0,20.0,,,,,,,,,,,,,,
吉野屋,浦安,2026/04/05,1,0,トラフグ,トラフグ,メイン,トラフグ,,0,2,1,0,,,0.8,3.6,,久里浜沖,,,80.0,80.0,,,,,,,,,,,,,,
吉野屋,浦安,2026/04/04,1,0,トラフグ,トラフグ,メイン,トラフグ,,0,1,0,0,,,1.8,5.1,,久里浜沖,,,80.0,80.0,,,,,,,,,,,,,,
吉野屋,浦安,2026/04/04,2,0,アジ,アジ,メイン,アジ,,14,101,57,0,15,25,,,,本牧沖,,,15.0,15.0,,,,,,,,,,,,,,
ふじや釣舟店,清水港(巴川),2026/04/06,1,0,クロダイ,クロダイ,メイン,クロダイ,,4,4,4,0,38,41,,,,離岸堤,,,10.0,10.0,,,,,,,,,,,,,,
ふじや釣舟店,清水港(巴川),2026/04/06,2,0,クロダイ,クロダイ,メイン,クロダイ,,2,2,2,0,43,44,,,,折戸,,,,,,,,,,,,,,,,,,
ふじや釣舟店,清水港(巴川),2026/04/06,2,0,クロダイ,クロダイ,サブ,キビレ,,3,3,3,0,34,44,,,,,,,,,,,,,,,,,,,,,,
ふじや釣舟店,清水港(巴川),2026/04/05,1,0,クロダイ,クロダイ,メイン,クロダイ,,2,2,2,0,48,53,2.02,2.02,,貯木場,,,5.0,5.0,,,,,,,,,,,,久々に年無しが釣れた!,,
ふじや釣舟店,清水港(巴川),2026/04/05,2,0,クロダイ,クロダイ,メイン,クロダイ,,1,1,1,0,46,46,,,,貯木場,,,5.0,5.0,,,,,,,,,,,,,,
ふじや釣舟店,清水港(巴川),2026/04/04,1,0,クロダイ,クロダイ,メイン,クロダイ,,16,16,16,0,34,47,,,,折戸,,,7.0,7.0,,,,,,,,,,,,,,
ふじや釣舟店,清水港(巴川),2026/04/04,2,0,クロダイ,クロダイ,メイン,クロダイ,,3,3,3,0,39,49,,,,貯木場,,,,,,,,,,,,,,,,,,
ふじや釣舟店,清水港(巴川),2026/04/04,3,0,クロダイ,クロダイ,メイン,クロダイ,,1,1,1,0,42,42,,,,折戸湾,,,,,,,,,,,,,,,,,,
山本釣船店,清水港(巴川),2026/04/06,1,0,クロダイ,クロダイ,メイン,クロダイ,,4,4,4,1,40,47,,,,,,,,,,,,,,,,,メジナ,,,他にメジナ。。,,
山本釣船店,清水港(巴川),2026/04/06,1,0,クロダイ,クロダイ,サブ,キビレ,,1,1,1,1,36,36,,,,,,,,,,,,,,,,,メジナ,,,他にメジナ。。,,
山本釣船店,清水港(巴川),2026/04/05,1,0,クロダイ,クロダイ,メイン,クロダイ,,11,11,11,1,32,49,,,,,,,,,,,,,,,,,"メジナ,マアジ",,,他にメジナ・マアジ。。,,
山本釣船店,清水港(巴川),2026/04/05,1,0,クロダイ,クロダイ,サブ,キビレ,,4,4,4,1,32,40,,,,,,,,,,,,,,,,,"メジナ,マアジ",,,他にメジナ・マアジ。。,,
山本釣船店,清水港(巴川),2026/04/04,1,0,クロダイ,クロダイ,メイン,クロダイ,,11,11,11,1,30,42,,,,,,,,,,,,,,,,,メジナ,,,他にメジナ。。,,
鶴丸,田子の浦港,2026/04/04,1,0,アジ,アジ,メイン,アジ,朝,0,16,8,0,,,,,,,,,,,,,,,,,,,"マトウダイ,カイワリ,カサゴ",,,朝アジ五目船。アジは小～中型。,,
鶴丸,田子の浦港,2026/04/04,1,0,アジ,アジ,サブ,アカアマダイ・シロアマダイ,朝,0,3,1,0,,,,,,,,,,,,,,,,,,,"マトウダイ,カイワリ,カサゴ",,,朝アジ五目船。アジは小～中型。,,
海桜丸,由比,2026/04/06,1,0,マダイ,マダイ,メイン,マダイ,,2,5,3,1,,,1.0,2.5,,三保沖,,,,,,,,,,,,,,,,五目釣り。お客様、釣果満足!との事で早上がり。,,
海桜丸,由比,2026/04/06,1,0,マダイ,マダイ,サブ,イナダ,,6,7,6,1,,,,,,,,,,,,,,,,,,,,,,五目釣り。お客様、釣果満足!との事で早上がり。,,
海桜丸,由比,2026/04/06,1,0,マダイ,マダイ,サブ,クロダイ,,3,3,3,1,,,,,,,,,,,,,,,,,,,,,,五目釣り。お客様、釣果満足!との事で早上がり。,,
海桜丸,由比,2026/04/04,1,0,マダイ,マダイ,メイン,マダイ,,2,2,2,1,,,0.7,1.4,,,,,,,,,,,,,,,,,,五目釣り。。,,
海桜丸,由比,2026/04/04,1,0,マダイ,マダイ,サブ,ワラサ,,1,1,1,1,,,5.4,5.4,,,,,,,,,,,,,,,,,,五目釣り。。,,
青木丸,由比,2026/04/08,1,0,マダイ,マダイ,メイン,マダイ,,14,14,14,1,,,0.7,3.0,,,,,,,,,,,,,,,,,,,,
青木丸,由比,2026/04/08,1,0,マダイ,マダイ,サブ,イナダ,,22,22,22,1,,,,,,,,,,,,,,,,,,,,,,,,
青木丸,由比,2026/04/08,1,0,マダイ,マダイ,サブ,クロダイ,,3,3,3,1,,,,,,,,,,,,,,,,,,,,,,,,
啓秀丸,福田港,2026/04/07,1,0,アジ,アジ,メイン,アジ,,,,,0,,,,,,福田沖,,,,,,,,,,,,,,,,,,
啓秀丸,福田港,2026/04/06,1,0,アジ,アジ,メイン,アジ,,,,,0,,,,,,福田沖,,,,,,,,,,,,,,,,,,
啓秀丸,福田港,2026/04/04,1,0,アジ,アジ,メイン,アジ,,,,,0,,,,,,福田沖,,,,,,,,,,,,,,,,,,
かめだや,羽田,2026/04/08,1,0,シロギス,シロギス,メイン,シロギス,午前,5,50,27,0,14,23,,,,中の瀬,,,15.0,20.0,,,,北,強,,,,,,,午前中北風強く苦戦。午後から釣れた。,,
かめだや,羽田,2026/04/04,1,0,アジ,アジ,メイン,LTアジ,,20,80,50,0,16,31,,,,富岡沖,,,15.0,20.0,,,,,,,,,イシモチ,,,中型多い。他にイシモチ。,,
ちがさき丸,茅ヶ崎港,2026/04/08,1,0,タイ五目,タイ五目,メイン,マダイ,,0,1,0,0,,,0.6,1.8,,茅ヶ崎沖,,,,,,,,,,,,,,,,タイ五目。本日も顔見れ、皆さん色々と釣れお土産になりました。,,
ちがさき丸,茅ヶ崎港,2026/04/08,2,0,アジ,アジ,メイン,アジ,,17,53,35,0,33,40,,,,二宮沖,,,,,,,,,,,,,,,,本日のアジは薄い反応で一日ポツポツでした!!型は良型のみでしたよ!!トップ53匹!!他のお客様も平均で40匹以上釣れました!!,,
ちがさき丸,茅ヶ崎港,2026/04/06,1,0,タイ五目,タイ五目,メイン,マダイ,,0,1,0,1,,,0.4,0.4,,茅ヶ崎沖,,,,,,,,,,,,,"クロダイ,イシダイ",,,タイ五目。本日のマダイ船はマダイは小振りの1匹だけでした。,,
ちがさき丸,茅ヶ崎港,2026/04/06,2,0,タイ五目,タイ五目,メイン,アジ,,8,28,18,0,20,28,,,,茅ヶ崎沖,,,,,,,,,,,,,"イシダイ,ヒラメ,アマダイ",,,LT五目。本日もアジがメイン!!反応が動き回り難しい内容でしたが、なんとか拾い釣りでお土産ゲット!!他にイシダイ・ヒラメ・アマダイ・チカメキントキ・サバ等。,,
ちがさき丸,茅ヶ崎港,2026/04/04,1,0,タイ五目,タイ五目,メイン,アジ,,38,52,45,0,20,32,,,,茅ヶ崎沖,,,,,,,,,,,,,"イサキ,タカベ,サバ等!!",,,LT五目。本日はLT五目、今期初発船でした!!初心者親子様も良く釣れました!!アジをメインで釣れ、他にイサキ・タカベ・サバ等!!。,,
ちがさき丸,茅ヶ崎港,2026/04/04,2,0,タイ五目,タイ五目,メイン,マダイ,,0,4,2,0,,,0.6,2.4,,茅ヶ崎沖,,,,,,,,,,,,,"ハナダイ,クロダイ等アタリ活発でした",,,タイ五目。本日のマダイ船はマダイ、他にハナダイ・クロダイ等アタリ活発でした。,,
ちがさき丸,茅ヶ崎港,2026/04/04,3,0,ホウボウ,ホウボウ,メイン,ホウボウ,,0,2,1,0,26,31,,,,茅ヶ崎沖,,,,,,,濁り,,,,,,,,,潮の濁りがキツく苦戦でしたが、エサ取り活発!!海況の様子次第でチャンス有り!!,,
ちがさき丸,茅ヶ崎港,2026/04/03,1,0,タイ五目,タイ五目,メイン,マダイ,,0,1,0,0,,,0.6,2.1,,辻堂沖,,,,,,,,,,,,,クロダイ,,,タイ五目。本日のマダイ船は朝からアタリ良く幸先いいスタートでした。,,
ちがさき丸,茅ヶ崎港,2026/04/03,1,0,タイ五目,タイ五目,メイン,イシダイ,,,,,0,,,3.5,3.5,,,,,,,,,,,,,,,クロダイ,,,タイ五目。本日のマダイ船は朝からアタリ良く幸先いいスタートでした。,,
ちがさき丸,茅ヶ崎港,2026/04/03,2,0,アマダイ,アマダイ,メイン,アマダイ,朝,3,11,7,0,23,39,,,,西沖,,,,,,,,,,,,,,,,本日はアマダイで出船!!本日は朝から西の深場へ。一投目から顔見れ、その後も転々と釣れました!トップはツ抜け、次頭は9匹!!小ぶりメインでしたが、中型も多く交じりました!!諦めずによく誘えば引っかかってくる感じでした。,,
たいぞう丸,葉山あぶずり港,2026/04/08,1,0,マルイカ,マルイカ,メイン,マルイカ,,7,45,26,0,15,28,,,,城ヶ島沖西口沖,,,60.0,75.0,,,,,,,,,,,,マルイカ船。大漁!!今日はブッコミの触り良さそうでした!潮流れ有り、長くは流せませんでしたが、流すたびに半数から8割巻きが多く、良い感じでしたね!平均して皆さん釣れ、初挑戦の貸竿の方お2人様、7匹ずつとお土産になりました!!トップ45匹、2番手43匹。,,
たいぞう丸,葉山あぶずり港,2026/04/07,,1,,欠航,,,,,,,,,,,,,,,,,,,,,,,,,,,予報悪く出船中止。,中止,予報悪く出船中止。,,
たいぞう丸,葉山あぶずり港,2026/04/06,1,0,マルイカ,マルイカ,メイン,マルイカ,,0,36,18,0,15,30,,,,城ヶ島沖,,,50.0,65.0,,,,,,,,,,,,マルイカ船・2隻の釣果。城ヶ島沖狙ってきました。,,
たいぞう丸,葉山あぶずり港,2026/04/05,,1,,欠航,,,,,,,,,,,,,,,,,,,,,,,,,,,予報悪く出船中止。,中止,予報悪く出船中止。,,
たいぞう丸,葉山あぶずり港,2026/04/04,1,0,マルイカ,マルイカ,メイン,マルイカ,,1,71,36,0,13,30,,,,城ヶ島沖,,,60.0,60.0,,,,,,,,,,,,マルイカ船。後半、大連チャン有り!!早上がり覚悟での出船でしたが、12時までやれたので良かったです!!前半は群れに動き有り、単発乗りが多かったですが型は見れてました。,,
たいぞう丸,葉山あぶずり港,2026/04/04,2,0,マダイ,マダイ,メイン,アマダイ,,0,4,2,0,23,38,,,,葉山沖,江ノ島沖,亀城根,60.0,60.0,,,,,,,,,"ムシガレイ,レンコダイ,ユメカサゴ",,,アマダイ五目船。1週間ぶりの出船でした!心配していた強風は、近場のポイントまで入らず1日ナギでやれました。,,
野毛屋釣船店,金沢八景,2026/04/06,1,0,トラフグ,トラフグ,メイン,トラフグ,,0,3,1,0,,,1.2,3.7,,横須賀沖,,,,,,,,,,,,,,,,,,
野毛屋釣船店,金沢八景,2026/04/06,2,0,マダイ,マダイ,メイン,マダイ,,0,2,1,0,,,0.8,4.6,,横須賀沖,,,,,,,,,,,,,,,,テンヤ・ラバージグ。。,,
光進丸,金谷港,2026/04/07,1,0,アジ,アジ,メイン,アジ,,1,32,16,0,25,35,,,,金谷沖,,,,,,,,,強,,,,,,,黄金アジ船。反応良好で良型順調も南西の風強く10時半帰港の釣果です。,,
光進丸,金谷港,2026/04/07,2,0,フグ,フグ,メイン,トラフグ,,0,3,1,0,,,1.1,3.6,,金谷沖,富浦沖,,,,,,,,,,,,,,,トラフグ船。反応多数で喰い順調、2番手2匹。,,
光進丸,金谷港,2026/04/06,1,0,アジ,アジ,メイン,アジ,,3,45,24,0,25,35,,,,金谷沖,,,,,,,,,,,,,,,,黄金アジ船。反応良好で良型順調でした。,,
光進丸,金谷港,2026/04/06,2,0,フグ,フグ,メイン,トラフグ,,0,3,1,0,,,1.3,5.5,,金谷沖,富浦沖,,,,,,,,,,,,,,,トラフグ船。反応多数で喰い順調、2匹と1匹は多数!。,,
光進丸,金谷港,2026/04/05,1,0,アジ,アジ,メイン,アジ,,3,33,18,0,25,35,,,,金谷沖,,,,,,,,,強,,,,,,,黄金アジ船。南西の風強く船酔い多数。,,
光進丸,金谷港,2026/04/05,2,0,フグ,フグ,メイン,トラフグ,,0,3,1,0,,,1.3,3.8,,金谷沖,富浦沖,,,,,,,南西,,,ウネリ,,,,,トラフグ船。南西風とウネリ苦戦も反応多数で喰い順調。,,
光進丸,金谷港,2026/04/04,1,0,アジ,アジ,メイン,アジ,,7,35,21,0,25,37,,,,金谷沖,,,,,,,,南西,強,,,,,,,黄金アジ船。反応良好で喰い順調も南西風強く苦戦でした。,,
光進丸,金谷港,2026/04/04,2,0,フグ,フグ,メイン,トラフグ,,0,5,2,0,,,1.1,4.1,,金谷沖,富浦沖,,,,,,,,,,,,,,,トラフグ船。朝から喰い活発!トップ規定数5匹!2番手4匹で次3匹!。,,
光進丸,金谷港,2026/04/03,1,0,フグ,フグ,メイン,トラフグ,,0,5,2,0,,,1.2,4.6,,金谷沖,富浦沖,,,,,,,,,,,,,,,トラフグ船。反応良く喰い活発、トップ規定数で2番手4匹は2名様で次3匹!2匹、1匹です!。,,
勘次郎丸,金谷港,2026/04/04,1,0,アジ,アジ,メイン,アジ,,21,35,28,0,24,40,,,,金谷沖,,,90.0,90.0,,,,,,,,,,,,毎日大型狙いです。今日も朝から型揃い、後半大型交じりで皆さん満足な一日でした。,,
はら丸,長井港,2026/04/08,1,0,ヤリイカ,ヤリイカ,メイン,ヤリイカ,,1,3,2,0,30,40,,,,長井沖,城ヶ島西沖,,90.0,110.0,,,,,,,,,,,,,,
はら丸,長井港,2026/04/08,2,0,マルイカ,マルイカ,メイン,マルイカ,,2,26,14,0,14,30,,,,城ヶ島沖,,,45.0,64.0,,,,,,,,,,,,反応の割に乗り悪い。。,,
はら丸,長井港,2026/04/04,1,0,ヤリイカ,ヤリイカ,メイン,ヤリイカ,,0,8,4,0,15,45,,,,長井沖,城ヶ島西沖,,70.0,130.0,,,,,,,,,,,,長井沖は汚れ強く苦戦、西沖で型見る。反応小さい。,,
こなや丸,長浦,2026/04/06,1,0,サワラ,サワラ,メイン,イナダ,,0,1,0,1,45,55,,,,,,,,,,,,,,,,,,,,ルアー五目。開始は鳥が忙しなく騒いで今日は朝からラッキーと思っていたのですが、ナブラにルアーが入ってもアタリが悪く逃げ足も速かったので数が伸びませんでした。,,
こなや丸,長浦,2026/04/06,1,0,サワラ,サワラ,サブ,マダイ,,1,1,1,1,,,,,,,,,,,,,,,,,,,,,,ルアー五目。開始は鳥が忙しなく騒いで今日は朝からラッキーと思っていたのですが、ナブラにルアーが入ってもアタリが悪く逃げ足も速かったので数が伸びませんでした。,,
こなや丸,長浦,2026/04/06,1,0,サワラ,サワラ,サブ,サバ,,5,5,5,1,,,,,,,,,,,,,,,,,,,,,,ルアー五目。開始は鳥が忙しなく騒いで今日は朝からラッキーと思っていたのですが、ナブラにルアーが入ってもアタリが悪く逃げ足も速かったので数が伸びませんでした。,,
こなや丸,長浦,2026/04/05,1,0,サワラ,サワラ,メイン,サワラ,,0,1,0,1,65,92,5.1,5.1,,,,,,,,,,,,,ウネリ,,,,,ルアー五目。他74cm。,,
こなや丸,長浦,2026/04/05,2,0,アジ,アジ,メイン,ショートアジ,ショート,,,,0,,,,,,,,,,,,,,,,,,,,,,仕立船の釣果。今日はショートアジ船の仕立船でしたが今日も開始からモリモリ釣れて絶好調。,,
こなや丸,長浦,2026/04/04,1,0,サワラ,サワラ,サブ,ワラサ,,0,1,0,1,,,3.0,4.6,,,,,,,,,,,,下げ潮,,,"ホウボウ,マダイも",,,ルアー五目。今日は前半に鳥山、ナブラが出てくれてほぼワラサの群れのようでした。,,
こなや丸,長浦,2026/04/04,1,0,サワラ,サワラ,メイン,イナダ,,0,2,1,1,45,54,,,,,,,,,,,,,,下げ潮,,,"ホウボウ,マダイも",,,ルアー五目。今日は前半に鳥山、ナブラが出てくれてほぼワラサの群れのようでした。,,
こなや丸,長浦,2026/04/04,2,0,アジ,アジ,メイン,ショートアジ,ショート,20,110,65,0,17,33,,,,木更津沖,,,,,,,,,,,,,,,,,,
三次郎丸,飯岡港,2026/04/04,1,0,マダイ,マダイ,メイン,マダイ,,0,4,2,0,,,0.3,1.1,,飯岡沖,,,20.0,20.0,,,,,,,,,,,,活エビのテンヤとタイラバ釣り。強風で10時早上がり。,,
幸丸,飯岡港,2026/04/08,1,0,マダイ,マダイ,メイン,マダイ,午前,1,11,6,0,,,0.3,3.0,,,,,15.0,15.0,,,,,,,,,"イナダ,カサゴ,ガンゾウビラメ",,,午前船の釣果。他にイナダ・カサゴ・ガンゾウビラメ・ショウサイフグ・トラフグ・ハナダイ・ヒラメ・ホウボウ・ワラサ。,,
幸丸,飯岡港,2026/04/08,2,0,マダイ,マダイ,メイン,マダイ,午前,1,9,5,0,,,0.3,1.7,,,,,15.0,15.0,,,,,,,,,"カサゴ,トラフグ,フグ",,,午前船の釣果。他にカサゴ・トラフグ・フグ・ハナダイ。,,
幸丸,飯岡港,2026/04/08,3,0,マダイ,マダイ,メイン,マダイ,午前,0,7,3,0,,,0.3,1.0,,,,,15.0,15.0,2.0,2.0,,,,,,,"イナダ,ウマヅラハギ,カサゴ",,,午前船の釣果。他にイナダ・ウマヅラハギ・カサゴ・トラフグ・ハナダイ・フグ。,,
幸丸,飯岡港,2026/04/07,,1,,欠航,,,,,,,,,,,,,,,,,,,,,,,,,,,強風予報の為、全船出船中止しました。,荒天,強風予報の為、全船出船中止しました。,,
幸丸,飯岡港,2026/04/06,1,0,マダイ,マダイ,メイン,マダイ,午前,2,13,7,0,,,0.3,4.4,,,,,15.0,15.0,,,,,,潮が緩,,,"カサゴ,トラフグ,ハナダイ",,,午前船の釣果。他にカサゴ・トラフグ・ハナダイ・ワラサ。,,
幸丸,飯岡港,2026/04/06,2,0,マダイ,マダイ,メイン,マダイ,午前,0,10,5,0,,,0.3,3.0,,,,,15.0,15.0,,,,,,,,,"イナダ,カサゴ,ガンゾウビラメ",,,午前船の釣果。他にイナダ・カサゴ・ガンゾウビラメ・サバ・ショウサイフグ・トラフグ・ハナダイ・ヒラマサ・ワラサ。,,
幸丸,飯岡港,2026/04/05,,1,,欠航,,,,,,,,,,,,,,,,,,,,,,,,,,,強風予報の為、全船出船中止しました。,荒天,強風予報の為、全船出船中止しました。,,
幸丸,飯岡港,2026/04/04,1,0,マダイ,マダイ,メイン,マダイ,午前,0,12,6,0,,,0.3,1.3,,,,,20.0,20.0,,,,,,,,,"カサゴ,ガンゾウビラメ,トラフグ",,,午前船の釣果。他にカサゴ・ガンゾウビラメ・トラフグ・ハナダイ・ホウボウ。,,
幸丸,飯岡港,2026/04/04,2,0,マダイ,マダイ,メイン,マダイ,午前,2,11,6,0,,,0.3,1.2,,,,,15.0,15.0,,,,,,,ウネリ,,"カサゴ,ハナダイ,ホウボウ",,,午前船の釣果。他にカサゴ・ハナダイ・ホウボウ・ムシガレイ。,,
幸丸,飯岡港,2026/04/04,3,0,マダイ,マダイ,メイン,マダイ,午前,0,10,5,0,,,0.3,1.3,,,,,15.0,15.0,,,,,,,,,"カサゴ,トラフグ,ハナダイ",,,午前船の釣果。他にカサゴ・トラフグ・ハナダイ・フグ・ホウボウ。,,
幸丸,飯岡港,2026/04/04,4,0,マダイ,マダイ,メイン,マダイ,午前,1,7,4,0,,,0.3,0.8,,,,,30.0,30.0,,,,,強,,ウネリ,,"ウマヅラハギ,カサゴ,カワハギ",,,午前船の釣果。他にウマヅラハギ・カサゴ・カワハギ・ガンゾウビラメ・ハナダイ・ホウボウ。,,
梅花丸,飯岡港,2026/04/08,1,0,マダイ,マダイ,メイン,マダイ,午前,0,7,3,0,,,0.3,3.2,,,,,,,,,,,,,ウネリ,,"ハナダイ,カサゴ,ワラサ",,,午前の釣果。一つテンヤでのマダイ釣りです。,,
梅花丸,飯岡港,2026/04/08,2,0,マダイ,マダイ,メイン,マダイ,午前,0,4,2,0,,,0.3,1.0,,,,,,,,,,,,,,,"ハナダイ,カサゴ,カワハギ",,,午前・仕立船の釣果。一つテンヤでのマダイ釣りです。,,
梅花丸,飯岡港,2026/04/06,1,0,マダイ,マダイ,メイン,マダイ,午前,0,5,2,0,,,0.3,1.0,,,,,,,,,,,,,,,"ハナダイ,カサゴ,サゴシ",,,午前の釣果。一つテンヤでのマダイ釣りです。,,
梅花丸,飯岡港,2026/04/06,2,0,マダイ,マダイ,メイン,マダイ,午前,1,6,3,0,,,0.3,1.7,,,,,,,,,,,,,ウネリ,,"ハナダイ,カサゴ",,,午前の釣果。一つテンヤでのマダイ釣りです。,,
梅花丸,飯岡港,2026/04/04,1,0,マダイ,マダイ,メイン,マダイ,午前,0,7,3,0,,,0.3,4.0,,,,,,,,,,,,,,,"ハナダイ,カサゴ,ホウボウ",,,午前の釣果。一つテンヤでのマダイ釣りです。,,
福よし丸,鴨居大室港,2026/04/08,,1,,欠航,,,,,,,,,,,,,,,,,,,,,,,,,,,都合により休船致しました。,不明,都合により休船致しました。,,
福よし丸,鴨居大室港,2026/04/07,,1,,欠航,,,,,,,,,,,,,,,,,,,,,,,,,,,都合により休船致しました。,不明,都合により休船致しました。,,
福よし丸,鴨居大室港,2026/04/06,1,0,タチウオ,タチウオ,メイン,タチウオ,,,,,0,,,,,,下浦沖,観音崎沖,,50.0,50.0,,,,,,,,,"ヒラメ,サバ",,,タチウオ・アジのリレー。タチウオは下浦沖で型見ず。,,
福よし丸,鴨居大室港,2026/04/06,1,0,タチウオ,タチウオ,サブ,アジ,,13,52,32,0,23,37,,,,下浦沖,,,,,,,,,,,,,"ヒラメ,サバ",,,タチウオ・アジのリレー。タチウオは下浦沖で型見ず。,,
福よし丸,鴨居大室港,2026/04/04,,1,,欠航,,,,,,,,,,,,,,,,,,,,,,,,,,,予報悪く出船中止致しました。,中止,予報悪く出船中止致しました。,,
釣船 五郎丸,鴨居大室港,2026/04/08,1,0,アジ,アジ,メイン,ショートアジ,ショート,1,23,12,0,24,34,,,,鴨居沖,観音崎沖,,40.0,50.0,,,,,強,,,,"サバ,クロダイ",,,風強く、潮速く釣りづらかったです。他にサバ・クロダイなど。,,
釣船 五郎丸,鴨居大室港,2026/04/06,1,0,アジ,アジ,メイン,ショートアジ,ショート,8,35,21,0,24,38,,,,久里浜沖,観音崎沖,,40.0,90.0,,,,,,,,,,,,転々と探しに探しまわりました。。,,
釣船 五郎丸,鴨居大室港,2026/04/06,2,0,タチウオ,タチウオ,メイン,ショートタチウオ,ショート,4,5,4,0,65,90,,,,観音崎沖,八景沖,,40.0,70.0,,,,,,,,,,,,なかなか反応見つからず、帰り間際に数匹見れました。。,,
釣船 五郎丸,鴨居大室港,2026/04/04,1,0,アジ,アジ,メイン,ショートアジ,ショート,12,40,26,0,23,36,,,,鴨居沖,観音崎沖,,40.0,50.0,,,,,,,,,,,,,,
釣船 五郎丸,鴨居大室港,2026/04/04,2,0,アジ,アジ,メイン,ショートアジ,ショート,2,20,11,0,25,38,,,,鴨居沖,久里浜沖,,40.0,90.0,,,,,,,,,,,,潮の淀みでポツポツ釣れました。。,,
釣船 五郎丸,鴨居大室港,2026/04/04,3,0,タチウオ,タチウオ,メイン,ショートタチウオ,ショート,0,3,1,0,80,107,,,テンヤ,猿島沖,,,40.0,60.0,,,,,,,,,,,,テンビン1名0匹。反応あるも、渋かったです。,,
ARCADIA SALTWATER SERVICE,鹿島市新浜,2026/04/05,1,0,ヒラマサ,ヒラマサ,メイン,ヒラマサ,,,,,0,,,4.8,4.8,,,,,,,,,,,,,,,"ジギングでヒラメ,ホウボウも出て楽しめました",,,ジギングで出船してました。かなり実績のあるポイントからやって行くといきなりヒラマサらしき魚ヒット!!首の振り方からしてそれなりにデカそうな雰囲気がします。,,
大春丸,鹿島港,2026/04/06,1,0,マダイ,マダイ,メイン,マダイ,午後,0,2,1,0,,,0.8,1.7,,鹿島沖,,,20.0,30.0,,,,,,,,,"ホウボウ,イナダ,ショウサイフグ",,,午後テンヤマダイ船。今日はアタリ少なく苦戦でしたが、食べごろサイズがポツポツ掛かり、他にホウボウ・イナダ・ショウサイフグなどでお土産ができました。,,
大春丸,鹿島港,2026/04/05,1,0,マダイ,マダイ,メイン,マダイ,午後,2,9,5,0,,,0.5,4.3,,鹿島沖,,,20.0,30.0,,,,,,,,,"ハナダイ,ホウボウ,ショウサイフグ",,,午後テンヤマダイ船。今日の午後船はアタリもバラシも多く最大4.3kg、他中マダイの連発でした。,,
大春丸,鹿島港,2026/04/04,1,0,マダイ,マダイ,メイン,マダイ,午前,0,3,1,0,,,0.5,1.7,,,,,,,,,,,,,,,"ハナダイ,ホウボウ,トラフグ",,,午前テンヤマダイ船。竿頭2人。,,
幸栄丸,鹿島港,2026/04/08,1,0,マダイ,マダイ,メイン,マダイ,,0,10,5,0,,,0.7,3.4,,,,,,,,,,,,潮流れず,,,ハナダイ,,,テンヤ船。他3.1kg、2.8kg、2.6kg、2.3kg、2.2kg、2kg、1.8kg2匹、1.6kg2匹、1.5kg4匹、1.4kg、1.2kg2匹、1kg3匹。,,
幸栄丸,鹿島港,2026/04/08,2,0,メバル,メバル,メイン,メバル,,5,20,12,0,25,35,,,,,,,,,,,,,,,,,,,,メバル五目船。。,,
幸栄丸,鹿島港,2026/04/06,1,0,フグ,フグ,メイン,フグ,朝,1,2,1,0,25,30,,,,,,,,,,,,,,,ウネリあり,,,,,今日は朝からウネリあり魚の活性低く厳しい状況。それでも型は見られたのでナギれば期待できそうです。,,
幸栄丸,鹿島港,2026/04/04,1,0,マダイ,マダイ,メイン,マダイ,,0,4,2,0,,,0.4,2.6,,,,,,,,,,,,潮流れず,,,,,,テンヤ船。他2.2kg、2.1kg、1.6kg、1.4kg4匹、1.3kg3匹、1.2kg9匹、1kg4匹。,,
幸栄丸,鹿島港,2026/04/04,2,0,メバル,メバル,メイン,メバル,,12,33,22,0,23,30,,,,,,,,,,,,,,,,,,,,メバル五目船。。,,
第三幸栄丸,鹿島港,2026/04/08,1,0,マダイ,マダイ,メイン,マダイ,,0,10,5,0,,,0.7,3.4,,,,,,,,,,,,潮流れず,,,ハナダイ,,,テンヤ船。他3.1kg、2.8kg、2.6kg、2.3kg、2.2kg、2kg、1.8kg2匹、1.6kg2匹、1.5kg4匹、1.4kg、1.2kg2匹、1kg3匹。,,
第三幸栄丸,鹿島港,2026/04/08,2,0,メバル,メバル,メイン,メバル,,5,20,12,0,25,35,,,,,,,,,,,,,,,,,,,,メバル五目船。。,,
第三幸栄丸,鹿島港,2026/04/06,1,0,フグ,フグ,メイン,フグ,朝,1,2,1,0,25,30,,,,,,,,,,,,,,,ウネリあり,,,,,今日は朝からウネリあり魚の活性低く厳しい状況。それでも型は見られたのでナギれば期待できそうです。,,
第三幸栄丸,鹿島港,2026/04/04,1,0,マダイ,マダイ,メイン,マダイ,,0,4,2,0,,,0.4,2.6,,,,,,,,,,,,潮流れず,,,,,,テンヤ船。他2.2kg、2.1kg、1.6kg、1.4kg4匹、1.3kg3匹、1.2kg9匹、1kg4匹。,,
第三幸栄丸,鹿島港,2026/04/04,2,0,メバル,メバル,メイン,メバル,,12,33,22,0,23,30,,,,,,,,,,,,,,,,,,,,メバル五目船。。,,
龍正丸,下田港,2026/04/09,アジ,シマアジ,0,1,0,,,1.0,1.56,1,銭洲沖,,35,100
龍正丸,下田港,2026/04/07,アジ,シマアジ,3,7,5,,,1.0,2.98,1,銭洲沖,,35,100
龍正丸,下田港,2026/04/07,不明,スマ,2,2,2,,,,,1,,,,
龍正丸,下田港,2026/04/06,アジ,シマアジ,0,1,0,,,1.0,4.68,1,銭洲沖,,25,100
山下丸,久比里港,2026/04/09,カワハギ,カワハギ,1,6,3,16,26,,,0,竹岡沖,,20,30
山下丸,久比里港,2026/04/09,カサゴ,カサゴ,13,40,26,16,27,,,0,久里浜沖,,30,30
山下丸,久比里港,2026/04/09,アマダイ,アマダイ,0,2,1,20,30,,,0,剣崎沖,久里浜沖,50,100
山天丸,久比里港,2026/04/06,アマダイ,アマダイ,2,4,3,5,5,,,0,剣崎沖,,70,110
巳之助丸,久比里港,2026/04/09,アジ,アジ,60,145,102,22,36,,,0,久里浜沖,,30,50
巳之助丸,久比里港,2026/04/06,不明,マコガレイ,,,,45,45,,,0,,,,
村井丸,保田港,2026/04/04,不明,クロダイ,1,6,3,32,45,,,0,保田沖,,25,30
村井丸,保田港,2026/04/04,アマダイ,アマダイ,1,1,1,24,24,,,1,,,,
村井丸,保田港,2026/04/03,不明,クロダイ,0,8,4,36,51,,,0,保田沖,,25,40
不動丸,勝浦川津港,2026/04/09,ヤリイカ,ヤリイカ,1,11,6,28,45,,,0,勝浦沖,,100,140
恵漁丸,吉田港,2026/04/08,マダイ,マダイ,5,5,5,,,,,1,,,,
大盛丸,外川港,2026/04/09,不明,ハナダイ,,,,,,,,0,,,,
大盛丸,外川港,2026/04/08,カサゴ,カサゴ,,,,,,,,0,,,,
大盛丸,外川港,2026/04/08,不明,チカメキントキ,,,,,,,,0,,,,
つる丸,大原港,2026/04/08,マハタ,マハタ,0,2,1,,,0.5,2.0,0,,,,
つる丸,大原港,2026/04/04,ヒラメ,ヒラメ,,,,,,,,0,,,,
つる丸,大原港,2026/04/03,マハタ,マハタ,,,,,,,,0,,,,
つる丸,大原港,2026/04/03,ワラサ,ワラサ,,,,,,,,0,,,,
つる丸,大原港,2026/04/02,マハタ,マハタ,,,,,,1.5,1.5,0,,,,
勇盛丸,大原港,2026/04/09,マハタ,マハタ,,,,,,,,0,,,,
勇盛丸,大原港,2026/04/08,ヒラメ,ヒラメ,,,,,,,,0,,,,
勇盛丸,大原港,2026/04/07,ヒラメ,ヒラメ,,,,,,2.77,2.77,0,,,,
勇盛丸,大原港,2026/04/07,不明,ヒラマサ,,,,,,4.1,4.1,0,,,,
勇盛丸,大原港,2026/04/03,マハタ,マハタ,,,,,,,,0,,,,
勇盛丸,大原港,2026/04/03,ヒラメ,ヒラメ,,,,,,2.75,2.75,0,,,,
敷嶋丸,大原港,2026/04/09,フグ,フグ,9,15,12,18,35,,,0,太東沖,,5,15
敷嶋丸,大原港,2026/04/08,フグ,フグ,1,4,2,18,34,,,0,太東沖,,18,18
新幸丸,大原港,2026/04/09,マダイ,マダイ,1,4,2,,,0.4,2.6,0,岩船沖,,42,64
春栄丸,大原港,2026/04/09,ヒラメ,ヒラメ,0,3,1,,,0.6,4.21,0,,,,
春栄丸,大原港,2026/04/09,マハタ,マハタ,0,2,1,,,0.4,1.5,0,,,,
春栄丸,大原港,2026/04/08,マハタ,マハタ,0,3,1,,,0.4,1.6,0,,,,
春栄丸,大原港,2026/04/03,マハタ,マハタ,0,2,1,,,0.4,2.13,0,太東沖,,25,43
第三松栄丸,大原港,2026/04/09,ヒラメ,ヒラメ,1,3,2,,,0.6,3.26,0,太東沖,大原沖,20,40
第三松栄丸,大原港,2026/04/09,マハタ,マハタ,0,1,0,,,0.8,0.8,0,,,,
第三松栄丸,大原港,2026/04/08,マハタ,マハタ,0,1,0,,,1.23,1.23,0,,,,
第三松栄丸,大原港,2026/04/07,マハタ,マハタ,0,1,0,,,0.5,0.5,0,,,,
第三松栄丸,大原港,2026/04/03,マハタ,マハタ,0,2,1,,,0.8,2.09,0,,,,
大洗丸,大洗港,2026/04/08,マダイ,マダイ,3,10,6,,,0.5,3.2,0,,,,
大洗丸,大洗港,2026/04/03,不明,ホウボウ,5,9,7,38,45,,,0,,,,
石田丸,大津港,2026/04/06,マゴチ,マゴチ,,,,40,40,,,0,,,,
石田丸,大津港,2026/04/03,マゴチ,マゴチ,,,,55,55,,,0,,,,
石田丸,大津港,2026/04/03,不明,クロダイ,,,,35,45,,,0,,,,
石田丸,大津港,2026/04/03,不明,イシモチ,6,6,6,27,32,,,1,,,,
恒丸,大磯港,2026/04/09,アジ,アジ,18,41,29,26,40,,,0,瀬の海,,100,100
恒丸,大磯港,2026/04/09,クロムツ,クロムツ,1,7,4,20,36,,,0,,,,
第八鶴丸,天津港,2026/04/03,スルメイカ,ヤリイカ・スルメイカ,8,10,9,20,35,,,0,,,,
第八鶴丸,天津港,2026/04/03,ヤリイカ,ヤリイカ・スルメイカ,8,10,9,20,35,,,0,,,,
平安丸,小田原早川港,2026/04/08,クロムツ,クロムツ,1,4,2,35,40,,,0,,,,
平安丸,小田原早川港,2026/04/07,アジ,ビシアジ,0,31,15,22,35,,,0,二宮沖,,,
平安丸,小田原早川港,2026/04/06,不明,カンコ,1,1,1,,,2.5,2.5,1,小田原沖,,,
庄治郎丸,平塚港,2026/04/09,アジ,アジ,0,7,3,,,,,0,,,,
庄治郎丸,平塚港,2026/04/09,マルイカ,マルイカ,5,20,12,20,28,,,0,,,,
庄治郎丸,平塚港,2026/04/09,アジ,アジ,5,18,11,30,38,,,0,,,,
庄治郎丸,平塚港,2026/04/09,クロムツ,クロムツ,0,5,2,,,,,0,,,,
庄治郎丸,平塚港,2026/04/09,クロムツ,クロムツ,4,4,4,23,30,,,1,,,,
庄治郎丸,平塚港,2026/04/08,マルイカ,マルイカ,6,31,18,20,30,,,0,,,,
庄治郎丸,平塚港,2026/04/06,マルイカ,マルイカ・ニセイカ,24,70,47,22,30,,,0,,,,
庄治郎丸,平塚港,2026/04/06,クロムツ,クロムツ,3,5,4,20,37,,,0,,,,
庄治郎丸,平塚港,2026/04/04,アジ,アジ,6,30,18,20,37,,,0,,,,
庄治郎丸,平塚港,2026/04/04,マダイ,マダイ,0,1,0,,,0.9,2.55,0,,,,
庄治郎丸,平塚港,2026/04/04,不明,ハナダイ,,,,,,0.6,0.6,0,,,,
庄治郎丸,平塚港,2026/04/04,シロアマダイ,シロアマダイ,,,,,,0.8,0.8,0,,,,
庄治郎丸,平塚港,2026/04/04,シロアマダイ,アマダイ・シロアマダイ,0,5,2,20,43,,,0,,,,
庄治郎丸,平塚港,2026/04/03,アジ,アジ,2,36,19,20,39,,,0,,,,
庄治郎丸,平塚港,2026/04/03,不明,ヘダイ,0,1,0,,,1.4,1.45,0,,,,
庄治郎丸,平塚港,2026/04/03,不明,クロダイ,,,,,,0.9,0.9,0,,,,
伊達丸,御前崎港,2026/04/09,マダイ,マダイ,,,,,,,,0,,,,
博栄丸,御前崎港,2026/04/06,アジ,小シマアジ,,,,,,,,0,,,,
博栄丸,御前崎港,2026/04/06,イサキ,イサキ,,,,,,,,0,,,,
博栄丸,御前崎港,2026/04/06,メダイ,ヒメダイ,,,,,,,,0,,,,
博栄丸,御前崎港,2026/04/06,不明,ウマヅラハギ,,,,,,,,0,,,,
博栄丸,御前崎港,2026/04/06,カサゴ,カサゴ,,,,,,,,0,,,,
増福丸,御前崎港,2026/04/09,マダイ,マダイ,2,2,2,35,42,,,1,御前崎沖,,30,50
増福丸,御前崎港,2026/04/09,イサキ,イサキ,10,18,14,28,33,,,0,,,,
明広丸,御宿岩和田港,2026/04/09,マハタ,マハタ,2,2,2,,,0.8,2.1,1,岩和田沖航程20分水深20,50m,,
明広丸,御宿岩和田港,2026/04/06,メダイ,メダイ,5,5,5,,,2.0,4.0,1,,,,
大貫丸,日立久慈港,2026/04/09,マダイ,マダイ,0,4,2,,,0.3,2.3,0,,,,
大貫丸,日立久慈港,2026/04/03,不明,カンダイ,,,,,,5.6,5.6,0,,,,
宮田丸,日立久慈港,2026/04/08,マダイ,マダイ,1,6,3,,,0.2,1.6,0,,,,
弘漁丸,日立久慈港,2026/04/09,マダイ,マダイ,0,8,4,,,0.3,7.3,0,,,,
日正丸,日立久慈港,2026/04/09,マダイ,マダイ,1,6,3,,,0.3,1.7,0,,,28,40
須原屋,東葛西,2026/04/09,アジ,LTアジ,20,80,50,16,25,,,0,横浜沖,,20,20
あまさけや丸,松輪江奈港,2026/04/09,ヒラメ,ヒラメ,,,,,,5.7,5.7,0,,,,
あまさけや丸,松輪江奈港,2026/04/09,マダイ,マダイ,0,2,1,,,1.0,4.8,0,,,,
あまさけや丸,松輪江奈港,2026/04/05,不明,タイ,0,2,1,,,0.8,1.0,0,,,,
喜平治丸,松輪間口港,2026/04/09,マルイカ,マルイカ,3,49,26,15,35,,,0,城ヶ島沖,剣崎沖,40,70
喜平治丸,松輪間口港,2026/04/09,マダイ,マダイ,0,6,3,,,0.7,2.3,0,久里浜沖,,50,50
喜平治丸,松輪間口港,2026/04/08,不明,クロダイ,0,1,0,,,,,0,,,,
長崎屋,横浜本牧港,2026/04/08,不明,シーバス,0,21,10,25,67,,,0,,,,
長崎屋,横浜本牧港,2026/04/06,不明,シーバス,0,20,10,25,53,,,0,,,,
長崎屋,横浜本牧港,2026/04/05,不明,シーバス,0,13,6,25,66,,,0,,,,
林遊船,江戸川放水路･原木中山,2026/04/06,不明,午前クロダイ,1,5,3,35,48,,,1,,,,
林遊船,江戸川放水路･原木中山,2026/04/06,不明,午後シーバス,6,6,6,50,68,,,0,,,,
林遊船,江戸川放水路･原木中山,2026/04/06,不明,午後シーバス,18,25,21,50,73,,,1,,,,
林遊船,江戸川放水路･原木中山,2026/04/05,不明,午前シーバス,2,8,5,50,76,,,1,,,,
林遊船,江戸川放水路･原木中山,2026/04/05,不明,午前シーバス,0,5,2,50,70,,,1,,,,
林遊船,江戸川放水路･原木中山,2026/04/05,不明,午前シーバス,4,9,6,50,73,,,1,,,,
林遊船,江戸川放水路･原木中山,2026/04/05,不明,1日シーバス,0,4,2,20,50,,,1,,,,
秀丸,沼津内港,2026/04/03,アジ,アジ,28,28,28,,,,,0,沼津沖,,,
仁徳丸,波崎港,2026/04/09,不明,メヌケ,0,6,3,,,1.5,4.8,0,犬吠沖,,500,500
仁徳丸,波崎港,2026/04/09,不明,アラ,1,1,1,,,4.3,4.3,1,犬吠沖,,120,140
仁徳丸,波崎港,2026/04/06,不明,メヌケ,0,10,5,,,1.0,4.6,0,犬吠沖,,300,400
佐衛美丸,洲崎港,2026/04/09,イサキ,イサキ,20,47,33,25,38,,,0,洲崎沖,,20,60
吉久,浦安,2026/04/09,フグ,トラフグ,0,4,2,42,58,3.2,3.2,0,富浦沖,,70,70
吉久,浦安,2026/04/08,フグ,トラフグ,0,4,2,38,65,,,0,富浦沖,,70,70
吉久,浦安,2026/04/06,フグ,トラフグ,0,4,2,38,62,4.2,4.2,0,富浦沖,,80,80
吉久,浦安,2026/04/04,フグ,トラフグ,0,1,0,38,60,5.1,5.1,0,富浦沖,,80,80
吉久,浦安,2026/04/03,フグ,トラフグ,0,3,1,38,55,,,0,富浦沖,,80,80
吉久,浦安,2026/04/03,ワラサ,イナダ,2,2,2,,,,,1,,,,
吉久,浦安,2026/04/03,不明,タイ,1,1,1,,,,,1,,,,
吉野屋,浦安,2026/04/09,アジ,アジ,11,50,30,23,38,,,0,横須賀沖,,50,50
吉野屋,浦安,2026/04/09,フグ,トラフグ,0,3,1,,,1.8,3.6,0,富浦沖,,80,80
吉野屋,浦安,2026/04/09,アジ,アジ,21,104,62,15,25,,,0,横浜沖,,20,20
吉野屋,浦安,2026/04/09,シロギス,シロギス,30,48,39,12,24,,,0,木更津沖,,18,18
吉野屋,浦安,2026/04/09,カサゴ,カサゴ,10,33,21,10,25,,,0,本牧沖,,25,25
吉野屋,浦安,2026/04/08,フグ,トラフグ,0,1,0,,,1.8,3.2,0,富浦沖,,80,80
吉野屋,浦安,2026/04/06,フグ,トラフグ,0,3,1,,,1.8,7.8,0,富浦沖,,80,80
吉野屋,浦安,2026/04/05,フグ,トラフグ,0,2,1,,,0.8,3.6,0,久里浜沖,,80,80
吉野屋,浦安,2026/04/04,フグ,トラフグ,0,1,0,,,1.8,5.1,0,久里浜沖,,80,80
ふじや釣舟店,清水港(巴川),2026/04/09,不明,クロダイ,1,1,1,30,30,,,0,貯木場,,5,5
ふじや釣舟店,清水港(巴川),2026/04/06,不明,クロダイ,4,4,4,38,41,,,0,離岸堤,,10,10
ふじや釣舟店,清水港(巴川),2026/04/06,不明,クロダイ,2,2,2,43,44,,,0,折戸,,,
ふじや釣舟店,清水港(巴川),2026/04/06,不明,キビレ,3,3,3,34,44,,,0,,,,
ふじや釣舟店,清水港(巴川),2026/04/05,不明,クロダイ,2,2,2,48,53,2.02,2.02,0,貯木場,,5,5
ふじや釣舟店,清水港(巴川),2026/04/05,不明,クロダイ,1,1,1,46,46,,,0,貯木場,,5,5
ふじや釣舟店,清水港(巴川),2026/04/04,不明,クロダイ,16,16,16,34,47,,,0,折戸,,7,7
ふじや釣舟店,清水港(巴川),2026/04/04,不明,クロダイ,3,3,3,39,49,,,0,貯木場,,,
ふじや釣舟店,清水港(巴川),2026/04/04,不明,クロダイ,1,1,1,42,42,,,0,折戸湾,,,
ふじや釣舟店,清水港(巴川),2026/04/03,不明,クロダイ,6,6,6,37,44,,,0,折戸,,7,7
ふじや釣舟店,清水港(巴川),2026/04/03,不明,クロダイ,3,3,3,44,49,,,0,折戸湾,,,
ふじや釣舟店,清水港(巴川),2026/04/03,不明,クロダイ,4,4,4,35,41,,,0,貯木場,,,
山本釣船店,清水港(巴川),2026/04/09,不明,クロダイ,2,2,2,41,43,,,1,,,,
山本釣船店,清水港(巴川),2026/04/06,不明,クロダイ,4,4,4,40,47,,,1,,,,
山本釣船店,清水港(巴川),2026/04/06,不明,キビレ,1,1,1,36,36,,,1,,,,
山本釣船店,清水港(巴川),2026/04/05,不明,クロダイ,11,11,11,32,49,,,1,,,,
山本釣船店,清水港(巴川),2026/04/05,不明,キビレ,4,4,4,32,40,,,1,,,,
山本釣船店,清水港(巴川),2026/04/04,不明,クロダイ,11,11,11,30,42,,,1,,,,
山本釣船店,清水港(巴川),2026/04/03,不明,クロダイ,6,6,6,39,48,,,1,,,,
鶴丸,田子の浦港,2026/04/04,シロアマダイ,アカアマダイ・シロアマダイ,0,3,1,,,,,0,,,,
鶴丸,田子の浦港,2026/04/04,アマダイ,アカアマダイ・シロアマダイ,0,3,1,,,,,0,,,,
海桜丸,由比,2026/04/06,ワラサ,イナダ,6,7,6,,,,,1,,,,
海桜丸,由比,2026/04/06,不明,クロダイ,3,3,3,,,,,1,,,,
海桜丸,由比,2026/04/04,ワラサ,ワラサ,1,1,1,,,5.4,5.4,1,,,,
青木丸,由比,2026/04/08,ワラサ,イナダ,22,22,22,,,,,1,,,,
青木丸,由比,2026/04/08,不明,クロダイ,3,3,3,,,,,1,,,,
啓秀丸,福田港,2026/04/08,アジ,アジ,,,,,,,,0,福田沖,,,
かめだや,羽田,2026/04/09,シロギス,シロギス,16,46,31,13,23,,,0,中の瀬,,15,20
ちがさき丸,茅ヶ崎港,2026/04/08,マダイ,マダイ,0,1,0,,,0.6,1.8,0,茅ヶ崎沖,,,
ちがさき丸,茅ヶ崎港,2026/04/06,マダイ,マダイ,0,1,0,,,0.4,0.4,1,茅ヶ崎沖,,,
ちがさき丸,茅ヶ崎港,2026/04/06,アジ,アジ,8,28,18,20,28,,,0,茅ヶ崎沖,,,
ちがさき丸,茅ヶ崎港,2026/04/04,アジ,アジ,38,52,45,20,32,,,0,茅ヶ崎沖,,,
ちがさき丸,茅ヶ崎港,2026/04/04,マダイ,マダイ,0,4,2,,,0.6,2.4,0,茅ヶ崎沖,,,
ちがさき丸,茅ヶ崎港,2026/04/04,不明,ホウボウ,0,2,1,26,31,,,0,茅ヶ崎沖,,,
ちがさき丸,茅ヶ崎港,2026/04/03,マダイ,マダイ,0,1,0,,,0.6,2.1,0,辻堂沖,,,
ちがさき丸,茅ヶ崎港,2026/04/03,不明,イシダイ,,,,,,3.5,3.5,0,,,,
ちがさき丸,茅ヶ崎港,2026/04/02,マダイ,マダイ,0,1,0,,,0.7,0.7,0,茅ヶ崎沖,,,
たいぞう丸,葉山あぶずり港,2026/04/04,アマダイ,アマダイ,0,4,2,23,38,,,0,葉山沖,江ノ島沖～亀城根,60,60
野毛屋釣船店,金沢八景,2026/04/06,フグ,トラフグ,0,3,1,,,1.2,3.7,0,横須賀沖,,,
野毛屋釣船店,金沢八景,2026/04/01,フグ,トラフグ,0,2,1,,,1.0,3.1,0,横須賀沖,,,
光進丸,金谷港,2026/04/08,アジ,アジ,0,28,14,25,35,,,0,金谷沖,,,
光進丸,金谷港,2026/04/08,フグ,トラフグ,0,5,2,,,1.1,4.1,0,金谷沖,富浦沖,,
勘次郎丸,金谷港,2026/04/09,アジ,アジ,35,44,39,25,40,,,0,金谷沖,,90,90
はら丸,長井港,2026/04/09,ヤリイカ,ヤリイカ,9,18,13,30,48,,,0,城ヶ島西沖,,90,110
こなや丸,長浦,2026/04/09,アジ,ショートアジ,80,243,161,17,32,,,0,木更津沖,,,
こなや丸,長浦,2026/04/08,アジ,ショートアジ,75,138,106,17,35,,,0,木更津沖,,,
こなや丸,長浦,2026/04/06,ワラサ,イナダ,0,1,0,45,55,,,1,,,,
こなや丸,長浦,2026/04/06,マダイ,マダイ,1,1,1,,,,,1,,,,
こなや丸,長浦,2026/04/06,不明,サバ,5,5,5,,,,,1,,,,
こなや丸,長浦,2026/04/04,ワラサ,ワラサ,0,1,0,,,3.0,4.6,1,,,,
こなや丸,長浦,2026/04/04,ワラサ,イナダ,0,2,1,45,54,,,1,,,,
三次郎丸,飯岡港,2026/04/09,マダイ,マダイ,1,6,3,,,0.5,3.8,0,飯岡沖,,20,20
太幸丸,飯岡港,2026/04/09,不明,ハナダイ,5,15,10,18,33,,,0,,,,
太幸丸,飯岡港,2026/04/09,アジ,アジ,1,10,5,28,38,,,0,,,,
太幸丸,飯岡港,2026/04/03,不明,ハナダイ,4,21,12,18,38,,,0,,,,
幸丸,飯岡港,2026/04/09,マダイ,マダイ,1,11,6,,,0.3,2.6,0,,,15,15
幸丸,飯岡港,2026/04/09,マダイ,マダイ,1,9,5,,,0.3,1.0,0,,,15,15
幸丸,飯岡港,2026/04/09,アマダイ,アマダイ,1,7,4,30,40,,,0,,,90,90
梅花丸,飯岡港,2026/04/09,マダイ,マダイ,0,10,5,,,0.3,1.4,0,,,,
福よし丸,鴨居大室港,2026/04/06,アジ,アジ,13,52,32,23,37,,,0,,,,
福よし丸,鴨居大室港,2026/04/06,不明,クロダイ,3,3,3,,,1.2,1.5,1,,,,
釣船 五郎丸,鴨居大室港,2026/04/09,アジ,ショートアジ,12,36,24,24,36,,,0,鴨居沖,観音崎沖,40,60
ARCADIA SALTWATER SERVICE,鹿島市新浜,2026/04/05,不明,ヒラマサ,,,,,,4.8,4.8,0,,,,
大春丸,鹿島港,2026/04/09,マダイ,マダイ,0,3,1,,,0.7,1.8,0,鹿島沖,,30,30
大春丸,鹿島港,2026/04/08,マダイ,マダイ,0,2,1,,,0.8,1.88,0,鹿島沖,,30,30
第三幸栄丸,鹿島港,2026/04/09,マダイ,マダイ,0,3,1,,,0.8,2.5,0,,,,
第三幸栄丸,鹿島港,2026/04/09,ワラサ,ワラサ,4,10,7,,,2.0,5.0,0,,,50,60
第三幸栄丸,鹿島港,2026/04/09,フグ,ショウサイフグ,1,6,3,20,28,,,0,北沖,,,
第三幸栄丸,鹿島港,2026/04/09,メバル,メバル,4,23,13,20,35,,,0,北沖,,30,40
