ship,area,date,trip_no,is_cancellation,tsuri_mono_raw,tsuri_mono,main_sub,fish_raw,time_slot,cnt_min,cnt_max,cnt_avg,is_boat,size_min,size_max,kg_min,kg_max,tackle,point_place1,point_place2,point_place3,n_points_visited,depth_min,depth_max,water_temp_min,water_temp_max,water_color,wind_direction,wind_speed,tide_info,wave_info,weather,by_catch,cancel_reason,cancel_type,kanso_raw,suion_raw,suishoku_raw,source
えさ政釣船店,大田区羽田,2026/03/20,1,0,トラフグ,トラフグ,メイン,トラフグ,NULL,0.0,1.0,0.5,0,,,1.2,3.2,NULL,富浦沖,NULL,NULL,1,NULL,NULL,12.4,12.4,NULL,東北東,5.0m/s,大潮,南東 0.4m/s,曇りのち時々晴れ,,NULL,NULL,トラフグ船、今日も大勢のお客様にお越しいただき4隻で行って来ました！ いつもありがとうございます。 富浦沖直行！！ ゆるいながら潮流があり反応は多く点在するものの食い渋く、バラしも多数ありました(涙涙) 釣れれば白子率高く今後も期待ですね。いよいよシーズンインですかねー？ もう少し釣りたい！！ 明日も出船しますのでよろしくお願いします^_^,12.4℃,NULL,chowari/えさ政釣船店
えさ政釣船店,大田区羽田,2026/03/21,1,0,イトヨリ,NULL,サブ,イトヨリ,NULL,,,,0,,,,,NULL,東京都 大田区 羽田,NULL,NULL,1,NULL,NULL,12.6,12.6,NULL,北,8.4m/s,中潮,北北東 0.4m/s,晴れ,NULL,NULL,NULL,トラフグ船、本日も沢山のお客様においで頂き、3隻でトラフグいってきましたー。 南のポイントからスタート。 小さい反応はあるものの食い立たず。数回本命らしきバラシあったものトラ様のお姿拝めず…。 ラスト1時間、上手の探索に。 こりゃトラの引きか！ってアタリ出て、皆さまの期待を一手に背負った方見様。 上がってきたらカンパチでしたとさ。 でも美味しいからね。 1号31号は型出したようですが、結局こちらもバラシ数回あったものの…美味しい外道はいました！ すみません、強がりです。 リーダーのすっぽ抜けでバレてしまうのは、ほんとーに勿体ないので、不安な方は仰って下さいね。 明日からも気合い入れて頑張り,12.6℃,NULL,chowari/えさ政釣船店
えさ政釣船店,大田区羽田,2026/03/21,1,0,オニオコゼ,NULL,サブ,オニオコゼ,NULL,,,,0,,,,,NULL,東京都 大田区 羽田,NULL,NULL,1,NULL,NULL,12.6,12.6,NULL,北,8.4m/s,中潮,北北東 0.4m/s,晴れ,NULL,NULL,NULL,トラフグ船、本日も沢山のお客様においで頂き、3隻でトラフグいってきましたー。 南のポイントからスタート。 小さい反応はあるものの食い立たず。数回本命らしきバラシあったものトラ様のお姿拝めず…。 ラスト1時間、上手の探索に。 こりゃトラの引きか！ってアタリ出て、皆さまの期待を一手に背負った方見様。 上がってきたらカンパチでしたとさ。 でも美味しいからね。 1号31号は型出したようですが、結局こちらもバラシ数回あったものの…美味しい外道はいました！ すみません、強がりです。 リーダーのすっぽ抜けでバレてしまうのは、ほんとーに勿体ないので、不安な方は仰って下さいね。 明日からも気合い入れて頑張り,12.6℃,NULL,chowari/えさ政釣船店
えさ政釣船店,大田区羽田,2026/03/21,1,0,オニカサゴ,オニカサゴ,サブ,オニカサゴ,NULL,,,,0,,,,,NULL,東京都 大田区 羽田,NULL,NULL,1,NULL,NULL,12.6,12.6,NULL,北,8.4m/s,中潮,北北東 0.4m/s,晴れ,NULL,NULL,NULL,トラフグ船、本日も沢山のお客様においで頂き、3隻でトラフグいってきましたー。 南のポイントからスタート。 小さい反応はあるものの食い立たず。数回本命らしきバラシあったものトラ様のお姿拝めず…。 ラスト1時間、上手の探索に。 こりゃトラの引きか！ってアタリ出て、皆さまの期待を一手に背負った方見様。 上がってきたらカンパチでしたとさ。 でも美味しいからね。 1号31号は型出したようですが、結局こちらもバラシ数回あったものの…美味しい外道はいました！ すみません、強がりです。 リーダーのすっぽ抜けでバレてしまうのは、ほんとーに勿体ないので、不安な方は仰って下さいね。 明日からも気合い入れて頑張り,12.6℃,NULL,chowari/えさ政釣船店
えさ政釣船店,大田区羽田,2026/03/21,1,0,カンコ,カンコ,サブ,カンコ,NULL,,,,0,,,,,NULL,東京都 大田区 羽田,NULL,NULL,1,NULL,NULL,12.6,12.6,NULL,北,8.4m/s,中潮,北北東 0.4m/s,晴れ,NULL,NULL,NULL,トラフグ船、本日も沢山のお客様においで頂き、3隻でトラフグいってきましたー。 南のポイントからスタート。 小さい反応はあるものの食い立たず。数回本命らしきバラシあったものトラ様のお姿拝めず…。 ラスト1時間、上手の探索に。 こりゃトラの引きか！ってアタリ出て、皆さまの期待を一手に背負った方見様。 上がってきたらカンパチでしたとさ。 でも美味しいからね。 1号31号は型出したようですが、結局こちらもバラシ数回あったものの…美味しい外道はいました！ すみません、強がりです。 リーダーのすっぽ抜けでバレてしまうのは、ほんとーに勿体ないので、不安な方は仰って下さいね。 明日からも気合い入れて頑張り,12.6℃,NULL,chowari/えさ政釣船店
えさ政釣船店,大田区羽田,2026/03/21,1,0,トラフグ,トラフグ,メイン,トラフグ,NULL,0.0,1.0,0.5,0,,,1.2,4.5,NULL,東京都 大田区 羽田,NULL,NULL,1,NULL,NULL,12.6,12.6,NULL,北,8.4m/s,中潮,北北東 0.4m/s,晴れ,イトヨリ・オニオコゼ・オニカサゴ・カンコ,NULL,NULL,トラフグ船、本日も沢山のお客様においで頂き、3隻でトラフグいってきましたー。 南のポイントからスタート。 小さい反応はあるものの食い立たず。数回本命らしきバラシあったものトラ様のお姿拝めず…。 ラスト1時間、上手の探索に。 こりゃトラの引きか！ってアタリ出て、皆さまの期待を一手に背負った方見様。 上がってきたらカンパチでしたとさ。 でも美味しいからね。 1号31号は型出したようですが、結局こちらもバラシ数回あったものの…美味しい外道はいました！ すみません、強がりです。 リーダーのすっぽ抜けでバレてしまうのは、ほんとーに勿体ないので、不安な方は仰って下さいね。 明日からも気合い入れて頑張り,12.6℃,NULL,chowari/えさ政釣船店
えさ政釣船店,大田区羽田,2026/03/21,2,0,ショウサイフグ,ショウサイフグ,メイン,ショウサイフグ,NULL,0.0,5.0,2.5,0,22.0,35.0,,,NULL,東京都 大田区 羽田,NULL,NULL,1,NULL,NULL,12.6,12.6,NULL,北,8.4m/s,"中潮・潮効いて,潮止まり,上げ潮,下げ潮",北北東 0.4m/s,晴れ,も小トラちゃんゲットですが釣果はショウサイフグのみです・トラフグ,NULL,NULL,ショウサイフグ船、今日は大勢のお客様にお集まりいただき出船出来ました。ありがとうございました。 前半は下げ潮効いててポツンと型を見れて粘って少しずつ貯めていく感じでした。潮止まりから上げ潮にかけては流れ出しても前半のようにはいかず伸び悩みスミマセンでした。 それでも帰る時に「楽しかったです」「また来ます」と声を掛けていただき嬉しい限りです。ありがとうございました。 本日トップは常連の青木様、他にも小トラちゃんゲットですが釣果はショウサイフグのみです。渋い中お見事でした。 また明日も出船しますのでこれからのご予約お待ちしてます！,12.6℃,NULL,chowari/えさ政釣船店
えさ政釣船店,大田区羽田,2026/03/21,2,0,トラフグ,トラフグ,サブ,トラフグ,NULL,,,,0,,,,,NULL,東京都 大田区 羽田,NULL,NULL,1,NULL,NULL,12.6,12.6,NULL,北,8.4m/s,"中潮・潮効いて,潮止まり,上げ潮,下げ潮",北北東 0.4m/s,晴れ,NULL,NULL,NULL,ショウサイフグ船、今日は大勢のお客様にお集まりいただき出船出来ました。ありがとうございました。 前半は下げ潮効いててポツンと型を見れて粘って少しずつ貯めていく感じでした。潮止まりから上げ潮にかけては流れ出しても前半のようにはいかず伸び悩みスミマセンでした。 それでも帰る時に「楽しかったです」「また来ます」と声を掛けていただき嬉しい限りです。ありがとうございました。 本日トップは常連の青木様、他にも小トラちゃんゲットですが釣果はショウサイフグのみです。渋い中お見事でした。 また明日も出船しますのでこれからのご予約お待ちしてます！,12.6℃,NULL,chowari/えさ政釣船店
えさ政釣船店,大田区羽田,2026/03/22,1,0,トラフグ,トラフグ,メイン,トラフグ,NULL,0.0,2.0,1.0,0,,,1.2,3.0,NULL,東京都 大田区 羽田,NULL,NULL,1,NULL,NULL,12.6,12.6,NULL,北北西,3.6m/s,中潮,南 0.2m/s,晴れ後時々曇り,,NULL,NULL,"トラフグ船, 三連休最終日、2隻で行ってきました！ 朝から反応あるも、なかなかヒットせず苦戦しました。 一瞬の地合いでパタパタとダブルヒットもあり、もりあるがるタイミングありました。 魚2キロ～3キロと釣れたら良型です！ 下記注意事項です。必ずチェックお願いします。 ①PEラインは1号でお願いします。 ②リーダーは必ず付けましょう オマツリが多い釣りです。トラブルを回避して、効率よく釣りしましょう！ ～ガクちゃんのワンポイントアドバイス！～ ・ヒットしてすぐの電動リールオンはバラします！ 重みが乗ったら、手巻きで一定のペースで巻く。魚の動きが落ち着いてから電動に切り替えましょう！",12.6℃,NULL,chowari/えさ政釣船店
えさ政釣船店,大田区羽田,2026/03/22,2,0,カサゴ,カサゴ,メイン,カサゴ,NULL,9.0,43.0,26.0,0,17.0,31.0,,,NULL,東京都 大田区 羽田,NULL,NULL,1,NULL,NULL,12.6,12.6,濁り,北北西,3.6m/s,中潮,南 0.2m/s,晴れ後時々曇り,,NULL,NULL,カサゴ五目船、久しぶりのカサゴ担当^_^うっすら濁り入ったようでいきなりバタバタ！しかも20cm以上ほとんどで尺越えも！ フッコも交じり次々竿しなる場面も多くまさに大漁の一言^_^ また企画します！,12.6℃,NULL,chowari/えさ政釣船店
えさ政釣船店,大田区羽田,2026/03/24,1,0,トラフグ,トラフグ,メイン,トラフグ,NULL,0.0,1.0,0.5,0,,,1.8,2.4,NULL,東京都 大田区 羽田,NULL,NULL,1,NULL,NULL,13.0,13.0,NULL,北北東,5.4m/s,中潮,北東 0.4m/s・凪,晴れ後時々曇り,,NULL,NULL,トラフグ船、今日も大勢のお客様にお越しいただきありがとうございます！ 朝は北風やや強くでしたが日中は凪。 相変わらず小さい反応は点在するも潮流れ悪く餌はたまに先だけとられたりサワリあるもの難しい釣りでした。 厳しい中釣ってくださったお客様おめでとうございます^_^ 釣れれば良い型ほとんどです。 白子率も高い時期です。 明日は定休日、木曜日も出船しますのでご予約お待ちしてます^_^,13.0℃,NULL,chowari/えさ政釣船店
えさ政釣船店,大田区羽田,2026/03/26,1,0,トラフグ,トラフグ,メイン,トラフグ,NULL,0.0,2.0,1.0,0,,,1.1,3.2,NULL,富浦沖,NULL,NULL,1,NULL,NULL,13.3,13.3,NULL,北東,4.7m/s,小潮,南 0.4m/s,雨のち曇り,,NULL,NULL,トラフグ船、今日も大勢のお客様にお越しいただきありがとうございます^_^ 富浦沖へ～ 到着から数分で顔見れましたが当たりが無くなり、探りに行きました。 新たな場所で型が見れ、餌取りも激しく続きましたが終了となりました。 今日は女性2人がトップでした^_^ 明日も出船しますのでご予約お待ちしております。,13.3℃,NULL,chowari/えさ政釣船店
えさ政釣船店,大田区羽田,2026/03/27,1,0,トラフグ,トラフグ,メイン,トラフグ,NULL,0.0,2.0,1.0,0,,,1.6,3.2,NULL,東京都 大田区 羽田,NULL,NULL,1,NULL,NULL,12.9,12.9,NULL,北,4.2m/s,小潮,南 0.2m/s,晴れ後一時雨,,NULL,NULL,トラフグ船、今日も大勢のお客様にお越しいただきありがとうございます^_^ 南のポイントから攻めるもアタリは渋ーく、、 やっと来た！グイグイ引き大きそうでしたが残念バレ。。。 上手に移動しポツーーポツ釣れました。 竿頭の渡辺さんはイワシ三枚下ろしの縫い刺しで釣れたそうです！釣れればﾃﾞｶｲの主体です！ 明日も出船します。 1隻配船増えましたのでまだ乗れます。 ご予約お待ちしております^_^,12.9℃,NULL,chowari/えさ政釣船店
えさ政釣船店,大田区羽田,2026/03/28,1,0,トラフグ,トラフグ,メイン,トラフグ,NULL,0.0,3.0,1.5,0,,,1.1,5.8,NULL,東京都 大田区 羽田,NULL,NULL,1,NULL,NULL,12.9,12.9,NULL,北北東,3.8m/s,長潮,東 0.2m/s・凪,曇り時々晴れ,,NULL,NULL,トラフグ船、今日も大勢のお客様にお越しいただき3隻で行ってきました！ 24号船0～3匹、 1号船0～2匹、5.8kg出ました！ 31号船0～2匹 いい凪の釣り日和でした。 反応あるもの食い渋かったですが釣れれば大型主体！ そして最後の最後にクライマックス3連発しました^_^ 明日も出船しますのでご予約お待ちしております^_^,12.9℃,NULL,chowari/えさ政釣船店
えさ政釣船店,大田区羽田,2026/03/29,1,0,トラフグ,トラフグ,メイン,トラフグ,NULL,0.0,2.0,1.0,0,,,1.1,3.8,NULL,東京都 大田区 羽田,NULL,NULL,1,NULL,NULL,13.1,13.1,NULL,西,0.6m/s,若潮,南 0.2m/s,晴れ後時々曇り,,NULL,NULL,トラフグ船、今日も大勢のお客様にお越しいただき4隻で行って来ました。 いつもありがとうございます^_^ 今日も天気は最高！！ 反応あるものなかなか掛からずでもどこかでヒッすると反応が持ち上がる瞬間ありました。 最大3.8キロ悔しいバラシあり。。。最後！新ポイント探り型見えました。 今後に繋がる事期待します^_^ 明日も出船しますので、ご予約いただいているお客様よろしくお願い致します。 あとお二人で2隻〆切です！,13.1℃,NULL,chowari/えさ政釣船店
えさ政釣船店,大田区羽田,2026/03/30,1,0,トラフグ,トラフグ,メイン,トラフグ,NULL,0.0,2.0,1.0,0,,,1.0,4.4,NULL,東京都 大田区 羽田,NULL,NULL,1,NULL,NULL,13.3,13.3,NULL,北,1.7m/s,中潮,南 0.2m/s,晴れ時々曇り,,NULL,NULL,トラフグ船、今日も大勢のお客様にお越しいただき2隻で行って来ました。 反応が小さく少なくでしたが回遊してくるようでじっくり粘ってるとポツ！また粘ってるとポツ！ そして後半大きく移動の勝負！ グーングー～ンと凄い引き！ スリリングな釣りですが釣れたら感激倍増の釣りです！ 折れない気持ちで楽しんで欲しいです！ 明日も大勢のお客様にご予約いただいていましたが、予報悪く出船中止です(涙) 定休日明けの木曜日出船しますので、ご予約お待ちしております！,13.3℃,NULL,chowari/えさ政釣船店
つり正丸,富士市田子の浦漁港,2026/03/22,1,0,アジ,アジ,メイン,アジ,NULL,,,,0,,,,,NULL,静岡県 富士市 田子の浦漁港,NULL,NULL,1,NULL,NULL,15.5,15.5,NULL,南南東,0.6m/s,中潮,南南西 0.2m/s,晴れ後時々曇り,オキメバル・メダイ,NULL,NULL,アジ五目に出船。アジご機嫌ナナメでした。,15.5℃,NULL,chowari/つり正丸
つり正丸,富士市田子の浦漁港,2026/03/22,1,0,オキメバル,メバル,サブ,オキメバル,NULL,,,,0,,,,,NULL,静岡県 富士市 田子の浦漁港,NULL,NULL,1,NULL,NULL,15.5,15.5,NULL,南南東,0.6m/s,中潮,南南西 0.2m/s,晴れ後時々曇り,NULL,NULL,NULL,アジ五目に出船。アジご機嫌ナナメでした。,15.5℃,NULL,chowari/つり正丸
つり正丸,富士市田子の浦漁港,2026/03/22,1,0,メダイ,メダイ,サブ,メダイ,NULL,,,,0,,,,,NULL,静岡県 富士市 田子の浦漁港,NULL,NULL,1,NULL,NULL,15.5,15.5,NULL,南南東,0.6m/s,中潮,南南西 0.2m/s,晴れ後時々曇り,NULL,NULL,NULL,アジ五目に出船。アジご機嫌ナナメでした。,15.5℃,NULL,chowari/つり正丸
つり正丸,富士市田子の浦漁港,2026/03/29,1,0,アカムツ,アカムツ,メイン,アカムツ,NULL,,,,0,,,,,NULL,静岡県 富士市 田子の浦漁港,NULL,NULL,1,NULL,NULL,16.0,16.0,NULL,南,1.0m/s,若潮,南南西 0.2m/s,晴れ後時々曇り,シロムツ・メイゴ・ユメカサゴ,NULL,NULL,中深海五目釣りにて出船。,16.0℃,NULL,chowari/つり正丸
つり正丸,富士市田子の浦漁港,2026/03/29,1,0,シロムツ,クロムツ,サブ,シロムツ,NULL,,,,0,,,,,NULL,静岡県 富士市 田子の浦漁港,NULL,NULL,1,NULL,NULL,16.0,16.0,NULL,南,1.0m/s,若潮,南南西 0.2m/s,晴れ後時々曇り,NULL,NULL,NULL,中深海五目釣りにて出船。,16.0℃,NULL,chowari/つり正丸
つり正丸,富士市田子の浦漁港,2026/03/29,1,0,メイゴ,NULL,サブ,メイゴ,NULL,,,,0,,,,,NULL,静岡県 富士市 田子の浦漁港,NULL,NULL,1,NULL,NULL,16.0,16.0,NULL,南,1.0m/s,若潮,南南西 0.2m/s,晴れ後時々曇り,NULL,NULL,NULL,中深海五目釣りにて出船。,16.0℃,NULL,chowari/つり正丸
つり正丸,富士市田子の浦漁港,2026/03/29,1,0,ユメカサゴ,カサゴ,サブ,ユメカサゴ,NULL,,,,0,,,,,NULL,静岡県 富士市 田子の浦漁港,NULL,NULL,1,NULL,NULL,16.0,16.0,NULL,南,1.0m/s,若潮,南南西 0.2m/s,晴れ後時々曇り,NULL,NULL,NULL,中深海五目釣りにて出船。,16.0℃,NULL,chowari/つり正丸
不動丸,鹿嶋旧港,2026/03/20,1,0,ヒラメ,ヒラメ,メイン,ヒラメ,NULL,1.0,7.0,4.0,0,,,0.5,2.5,NULL,茨城県 鹿嶋市 鹿嶋旧港,NULL,NULL,1,NULL,NULL,14.8,14.8,普通,北東,4.7m/s,大潮,東北東 1.9m/s,曇り一時雨,,NULL,NULL,ヒラメ ◇◆◇ヒラメ船◇◆◇ ・ヒラメ…1ー7枚(0.5ー2.5キロ) ・その他…ソイ、マハタ、イナダ、ホウボウ 本日は終日海況悪く釣り辛い状況で、棚取りが難しいのと波で甘噛みやスッポ抜け多発で難易度高い1日でした。 しかしながら24名でオデコ無しとアタリはあったので波が無ければ普通に釣れると思うので心配ご無用ですよー！ このまま続けばダービーも更新の連続で更に盛り上がります！ まだ参加してない方はワンコインで参加できますので是非チャレンジして下さい！ ダービー結果は受付やアプリ等に随時更新してますのでチェックして下さいね！ ヒラメはまだまだこれからですよ！ 旬の肉厚ビラメみんなで楽しみましょう！ 船長や上乗りさんが仕,14.8℃,NULL,chowari/不動丸
不動丸,鹿嶋旧港,2026/03/20,2,0,ショウサイフグ,ショウサイフグ,メイン,ショウサイフグ,NULL,0.0,10.0,5.0,0,25.0,45.0,,,NULL,茨城県 鹿嶋市 鹿嶋旧港,NULL,NULL,1,NULL,NULL,14.8,14.8,NULL,北東,4.7m/s,大潮,東北東 1.9m/s,曇り一時雨,トラフグ,NULL,NULL,フグ ショウサイフグ25～45cm…0～10匹。 他トラフグ3kg、ヒラメ、ホウボウ、ムシガレイ。 北東風が強くて海が悪かったです。風と逆の潮で船も動かず、投入直後しかフグの型が出ないポイントばかりでした。 潮色も悪かったです。 波さえ取れれば?、潮さえなおれば?、なんですけど～(^^;。,14.8℃,NULL,chowari/不動丸
不動丸,鹿嶋旧港,2026/03/20,2,0,トラフグ,トラフグ,サブ,トラフグ,NULL,1.0,1.0,1.0,0,,,3.0,3.0,NULL,茨城県 鹿嶋市 鹿嶋旧港,NULL,NULL,1,NULL,NULL,14.8,14.8,NULL,北東,4.7m/s,大潮,東北東 1.9m/s,曇り一時雨,NULL,NULL,NULL,フグ ショウサイフグ25～45cm…0～10匹。 他トラフグ3kg、ヒラメ、ホウボウ、ムシガレイ。 北東風が強くて海が悪かったです。風と逆の潮で船も動かず、投入直後しかフグの型が出ないポイントばかりでした。 潮色も悪かったです。 波さえ取れれば?、潮さえなおれば?、なんですけど～(^^;。,14.8℃,NULL,chowari/不動丸
不動丸,鹿嶋旧港,2026/03/20,3,0,サンパク,ワラサ,サブ,サンパク,NULL,0.0,2.0,1.0,0,,,2.7,3.6,NULL,茨城県 鹿嶋市 鹿嶋旧港,NULL,NULL,1,NULL,NULL,14.8,14.8,NULL,北東,4.7m/s,大潮,東北東 1.9m/s,曇り一時雨,NULL,NULL,NULL,ルアー ☆☆青物ルアー船☆☆ ヒラマサ0～1本2.6～3.2キロ サンパク0～2本2.7～3.6キロ 他、ヒラメ、ワカシ、メバル 本日のルアー船は、波、風が有り非常に釣り辛い状況でしたが、ヒラマサもキャッチ出来ました。 終了前にポロリと釣れ少し盛り上がりに欠ける日となってしまいました。 海況落ち着けば上向いて来るのでは！,14.8℃,NULL,chowari/不動丸
不動丸,鹿嶋旧港,2026/03/20,3,0,ヒラマサ,ヒラマサ,メイン,ヒラマサ,NULL,0.0,1.0,0.5,0,,,2.6,3.2,NULL,茨城県 鹿嶋市 鹿嶋旧港,NULL,NULL,1,NULL,NULL,14.8,14.8,NULL,北東,4.7m/s,大潮,東北東 1.9m/s,曇り一時雨,サンパク,NULL,NULL,ルアー ☆☆青物ルアー船☆☆ ヒラマサ0～1本2.6～3.2キロ サンパク0～2本2.7～3.6キロ 他、ヒラメ、ワカシ、メバル 本日のルアー船は、波、風が有り非常に釣り辛い状況でしたが、ヒラマサもキャッチ出来ました。 終了前にポロリと釣れ少し盛り上がりに欠ける日となってしまいました。 海況落ち着けば上向いて来るのでは！,14.8℃,NULL,chowari/不動丸
不動丸,鹿嶋旧港,2026/03/21,1,0,マダイ,マダイ,メイン,マダイ,NULL,1.0,1.0,1.0,0,,,2.0,2.0,NULL,茨城県 鹿嶋市 鹿嶋旧港,NULL,NULL,1,NULL,NULL,14.6,14.6,NULL,北西,1.7m/s,中潮,東北東 1.4m/s,晴れ,,NULL,NULL,テンヤ真鯛,14.6℃,NULL,chowari/不動丸
不動丸,鹿嶋旧港,2026/03/21,2,0,ヒラメ,ヒラメ,メイン,ヒラメ,NULL,0.0,8.0,4.0,0,,,0.5,3.1,NULL,茨城県 鹿嶋市 鹿嶋旧港,NULL,NULL,1,NULL,NULL,14.6,14.6,NULL,北西,1.7m/s,中潮,東北東 1.4m/s・凪,晴れ,,NULL,NULL,ヒラメ ◇◆◇ヒラメ船◇◆◇ ・ヒラメ…0ー8枚(0.5ー3.1キロ) ・その他…ソイ、マハタ、イナダ、ホウボウ、アイナメ、カサゴ 本日も中盤まで海況悪い状況でしたが皆さん頑張ってくれてアタリも飽きずに続き好調でした。 波で合わせのタイミングが難しかったのもありスッポ抜けも多かったので明日は凪予報ですからこういうのも減ると思いますね。 残念ながら船酔いの方1名だけオデコでした。 後半は大分波も無くなったので明日は期待大ですね！ このまま続けばダービーも更新の連続で更に盛り上がります！ まだ参加してない方はワンコインで参加できますので是非チャレンジして下さい！ ダービー結果は受付やアプリ等に随時更新してますのでチェック,14.6℃,NULL,chowari/不動丸
不動丸,鹿嶋旧港,2026/03/21,3,0,ショウサイフグ,ショウサイフグ,サブ,ショウサイフグ,NULL,6.0,19.0,12.5,0,25.0,45.0,,,NULL,茨城県 鹿嶋市 鹿嶋旧港,NULL,NULL,1,NULL,NULL,14.6,14.6,NULL,北西,1.7m/s,中潮,東北東 1.4m/s,晴れ,NULL,NULL,NULL,フグ ショウサイフグ25～45cm…6～19匹。 他トラフグ2.5kg、ホウボウ、カワハギ、ムシガレイ。 本日は港近くをジャリ場主体に釣りました。 出港直後から北風強風となり、釣場到着までが大変でした。 今日は潮の流れは良く、ショウサイフグはポツポツと掛かる流しが何回か有りました。 サイズも特大級が多く、今日はお土産になりました。,14.6℃,NULL,chowari/不動丸
不動丸,鹿嶋旧港,2026/03/21,3,0,トラフグ,トラフグ,メイン,トラフグ,NULL,1.0,1.0,1.0,0,,,2.5,2.5,NULL,茨城県 鹿嶋市 鹿嶋旧港,NULL,NULL,1,NULL,NULL,14.6,14.6,NULL,北西,1.7m/s,中潮,東北東 1.4m/s,晴れ,ショウサイフグ,NULL,NULL,フグ ショウサイフグ25～45cm…6～19匹。 他トラフグ2.5kg、ホウボウ、カワハギ、ムシガレイ。 本日は港近くをジャリ場主体に釣りました。 出港直後から北風強風となり、釣場到着までが大変でした。 今日は潮の流れは良く、ショウサイフグはポツポツと掛かる流しが何回か有りました。 サイズも特大級が多く、今日はお土産になりました。,14.6℃,NULL,chowari/不動丸
不動丸,鹿嶋旧港,2026/03/22,1,0,サンパク,ワラサ,メイン,サンパク,NULL,0.0,4.0,2.0,0,,,2.1,3.1,NULL,茨城県 鹿嶋市 鹿嶋旧港,NULL,NULL,1,NULL,NULL,14.5,14.5,NULL,東北東,2.7m/s,中潮,東北東 1.1m/s,晴れ後時々曇り,,NULL,NULL,ルアー ☆☆青物ルアー船☆☆ サンパク0～4本2.1～3.1キロ 他、ワカシ、カサゴ、マダイ 本日のルアー船は、昨日とは別のポイントに向かいましたが、なんだか残念な感じでした。 戻りながら探して行きましたがヒットしてもひと流しだけで次に同じ反応をやっても厳しい状況でした。,14.5℃,NULL,chowari/不動丸
不動丸,鹿嶋旧港,2026/03/22,2,0,ショウサイフグ,ショウサイフグ,メイン,ショウサイフグ,NULL,4.0,16.0,10.0,0,25.0,45.0,,,NULL,茨城県 鹿嶋市 鹿嶋旧港,NULL,NULL,1,NULL,NULL,14.5,14.5,NULL,東北東,2.7m/s,中潮・潮が速,東北東 1.1m/s,晴れ後時々曇り,,NULL,NULL,フグ ショウサイフグ25～45cm…4～16匹。 他カワハギ、ウマズラ、ホウボウ、ムシガレイ、ガンゾウビラメ。 港前のジャリ場30メートルから始めて、開始早々から良型フグがポツポツと掛かりました。潮が速くてオマツリしたり、フグの動きも速かったりで、しばらくしてアタリも止まってしまいましたがその後同港のフグ船から「掛かり始めた」と模様をいただき、向かわせてもらい、またポツポツとフグが掛かりました。 中盤以降に南東風が吹き始めると、フグのアタリがピタリと減ってしまい、その後は何ヵ所か移動してみましたがフグは型を見る程度になってしまいました。,14.5℃,NULL,chowari/不動丸
不動丸,鹿嶋旧港,2026/03/22,3,0,マダイ,マダイ,メイン,マダイ,NULL,0.0,3.0,1.5,0,,,0.6,2.3,NULL,茨城県 鹿嶋市 鹿嶋旧港,NULL,NULL,1,NULL,NULL,14.5,14.5,NULL,東北東,2.7m/s,中潮,東北東 1.1m/s,晴れ後時々曇り,,NULL,NULL,テンヤ ☆テンヤ真鯛船☆ マダイ０.6～２.3kg ０～３枚 今日は開始早々に１kg前後の本命がポツポツ上がり好発進！しかし、その直後から予報にはなかったほどの北東風で、釣り辛く、流れも悪くなってしまい…(汗) 外道のアタリも種類も昨日ほどはなく…。外道がポツリポツリ…だけの厳しい時間が続きましたが、終盤になってまたバタバタっと本命ゲットの時合いもありました！ 最大は２.3kg止まりも、２kg弱クラスは何枚か上がりましたね！ 外道はハナダイ、ショウサイフグ、ホウボウ、カナガシラ、トラフグまで…。 テンヤは固定、遊動、サイズも５～１５号と、幅広く準備できると良いでしょう。 タイジグ、スイッチ等が良いことも！ できる方はご,14.5℃,NULL,chowari/不動丸
不動丸,鹿嶋旧港,2026/03/23,1,0,サンパク,ワラサ,メイン,サンパク,NULL,0.0,2.0,1.0,0,,,2.1,3.1,NULL,茨城県 鹿嶋市 鹿嶋旧港,NULL,NULL,1,NULL,NULL,14.2,14.2,NULL,西,2.0m/s,中潮,東北東 0.7m/s,雨のち晴れ,,NULL,NULL,☆☆青物ルアー船☆☆ サンパク0～2本2.1～3.1キロ 他、ワカシ、イシナギ、ホウボウ 本日のルアー船は、魚は居ますが口を使ってくれず苦戦の日でした。やっとヒットしてもバラシて残念！ 喰いもアサイのでしょうね。 今後の展開に注目です。,14.2℃,NULL,chowari/不動丸
不動丸,鹿嶋旧港,2026/03/23,2,0,ショウサイフグ,ショウサイフグ,メイン,ショウサイフグ,NULL,5.0,26.0,15.5,0,25.0,45.0,,,NULL,茨城県 鹿嶋市 鹿嶋旧港,NULL,NULL,1,NULL,NULL,14.2,14.2,NULL,西,2.0m/s,中潮,東北東 0.7m/s,雨のち晴れ,トラフグ,NULL,NULL,ショウサイフグ25～45cm…5～26匹。 他トラフグ1.2～1.5kg…船中2匹、カワハギ、ウマズラ、ホウボウ。 港近くのジャリ場29メートルから始めて､朝はポツポツと1時間位掛かり続きました。 その後アタリが止まってからは何ヵ所か移動しましたが､型が出る程度の釣れ方が続き、終盤にまたポツポツと掛かる場所に当たりました。 前日の様には潮が動かなかったので掛けるのは難しかった様で、釣れる人と釣れない人差が激しかったですが、今日もフグは特大級ばかりでしたので､お土産には十分だったと思います（笑）。,14.2℃,NULL,chowari/不動丸
不動丸,鹿嶋旧港,2026/03/23,2,0,トラフグ,トラフグ,サブ,トラフグ,NULL,0.0,1.0,0.5,0,,,1.2,1.5,NULL,茨城県 鹿嶋市 鹿嶋旧港,NULL,NULL,1,NULL,NULL,14.2,14.2,NULL,西,2.0m/s,中潮,東北東 0.7m/s,雨のち晴れ,NULL,NULL,NULL,ショウサイフグ25～45cm…5～26匹。 他トラフグ1.2～1.5kg…船中2匹、カワハギ、ウマズラ、ホウボウ。 港近くのジャリ場29メートルから始めて､朝はポツポツと1時間位掛かり続きました。 その後アタリが止まってからは何ヵ所か移動しましたが､型が出る程度の釣れ方が続き、終盤にまたポツポツと掛かる場所に当たりました。 前日の様には潮が動かなかったので掛けるのは難しかった様で、釣れる人と釣れない人差が激しかったですが、今日もフグは特大級ばかりでしたので､お土産には十分だったと思います（笑）。,14.2℃,NULL,chowari/不動丸
不動丸,鹿嶋旧港,2026/03/23,3,0,ヒラメ,ヒラメ,メイン,ヒラメ,NULL,1.0,1.0,1.0,0,,,2.0,2.0,NULL,茨城県 鹿嶋市 鹿嶋旧港,NULL,NULL,1,NULL,NULL,14.2,14.2,NULL,西,2.0m/s,中潮,東北東 0.7m/s,雨のち晴れ,,NULL,NULL,ヒラメ,14.2℃,NULL,chowari/不動丸
不動丸,鹿嶋旧港,2026/03/25,1,0,ショウサイフグ,ショウサイフグ,メイン,ショウサイフグ,NULL,7.0,34.0,20.5,0,25.0,45.0,,,NULL,茨城県 鹿嶋市 鹿嶋旧港,NULL,NULL,1,NULL,NULL,14.3,14.3,NULL,南南東,2.8m/s,小潮,東 1.3m/s,曇りのち一時雨,,NULL,NULL,ショウサイフグ25～45cm…7～34匹。 トラフグ1.2～2.4kg…船中4匹。 他カワハギ、ウマズラ、ホウボウ。 港近くのジャリ場27メートルから始めて、朝のうちフグは型を見るのがやっとの状況が続きましたが、8時頃に入ったポイントではフグの反応が出て掛かりが良くなりました。 ずっと船下にいてくれる様な反応では無く、動き回っている感じだったので、入れ食いにはならなかったものの型は出続きました。 今日のフグも特大級が多かったです。,14.3℃,NULL,chowari/不動丸
不動丸,鹿嶋旧港,2026/03/25,2,0,ヒラメ,ヒラメ,メイン,ヒラメ,NULL,1.0,1.0,1.0,0,,,2.0,2.0,NULL,茨城県 鹿嶋市 鹿嶋旧港,NULL,NULL,1,NULL,NULL,14.3,14.3,NULL,南南東,2.8m/s,小潮,東 1.3m/s,曇りのち一時雨,,NULL,NULL,ヒラメ,14.3℃,NULL,chowari/不動丸
不動丸,鹿嶋旧港,2026/03/28,1,0,サンパク,ワラサ,メイン,サンパク,NULL,0.0,2.0,1.0,0,,,2.1,3.1,NULL,茨城県 鹿嶋市 鹿嶋旧港,NULL,NULL,1,NULL,NULL,14.5,14.5,NULL,東北東,2.3m/s,長潮,東北東 1.9m/s,曇り時々晴れ,,NULL,NULL,ルアー ☆☆青物ルアー船☆☆ サンパク0～2本2.1～3.1キロ 他、ワカシ、ヒラメ、ホウボウ、マハタ 本日のルアー船は、なかなか良い反応にノリ切れず残念な結果となってしまいました。魚種は豊富でしたが！,14.5℃,NULL,chowari/不動丸
不動丸,鹿嶋旧港,2026/03/28,2,0,ヒラメ,ヒラメ,メイン,ヒラメ,NULL,1.0,1.0,1.0,0,,,2.0,2.0,NULL,茨城県 鹿嶋市 鹿嶋旧港,NULL,NULL,1,NULL,NULL,14.5,14.5,NULL,東北東,2.3m/s,長潮,東北東 1.9m/s・ウネリ,曇り時々晴れ,,NULL,NULL,ヒラメ ◇◆◇ヒラメ船◇◆◇ ・ヒラメ…0ー5枚(0.5ー3.2キロ) ・その他…ソイ、マハタ、ホウボウ、カサゴ、マトウダイ、トラフグ 本日は終日潮流れ悪くポツリポツリのアタリでウネリもあった為苦戦しました。 先日のアタリ方を考えるとヒラメはまだまだ居ますので明日は期待しましょう！ まだダービー参加してない方はワンコインで参加できますので是非チャレンジして下さい！ ダービー結果は受付やアプリ等に随時更新してますのでチェックして下さいね！ ヒラメはまだまだこれからですよ！ 旬の肉厚ビラメみんなで楽しみましょう！ 船長や上乗りさんが仕掛けの長さ等をアドバイスしてくれますので参考にして頂ければ初心者の方も釣れますよー！ ※,14.5℃,NULL,chowari/不動丸
不動丸,鹿嶋旧港,2026/03/28,2,0,ヒラメ,ヒラメ,サブ,ヒラメ,NULL,0.0,5.0,2.5,0,,,0.5,3.2,NULL,茨城県 鹿嶋市 鹿嶋旧港,NULL,NULL,1,NULL,NULL,14.5,14.5,NULL,東北東,2.3m/s,長潮,東北東 1.9m/s・ウネリ,曇り時々晴れ,NULL,NULL,NULL,ヒラメ ◇◆◇ヒラメ船◇◆◇ ・ヒラメ…0ー5枚(0.5ー3.2キロ) ・その他…ソイ、マハタ、ホウボウ、カサゴ、マトウダイ、トラフグ 本日は終日潮流れ悪くポツリポツリのアタリでウネリもあった為苦戦しました。 先日のアタリ方を考えるとヒラメはまだまだ居ますので明日は期待しましょう！ まだダービー参加してない方はワンコインで参加できますので是非チャレンジして下さい！ ダービー結果は受付やアプリ等に随時更新してますのでチェックして下さいね！ ヒラメはまだまだこれからですよ！ 旬の肉厚ビラメみんなで楽しみましょう！ 船長や上乗りさんが仕掛けの長さ等をアドバイスしてくれますので参考にして頂ければ初心者の方も釣れますよー！ ※,14.5℃,NULL,chowari/不動丸
不動丸,鹿嶋旧港,2026/03/28,3,0,ショウサイフグ,ショウサイフグ,メイン,ショウサイフグ,NULL,0.0,6.0,3.0,0,25.0,45.0,,,NULL,茨城県 鹿嶋市 鹿嶋旧港,NULL,NULL,1,NULL,NULL,14.5,14.5,濁り,東北東,2.3m/s,長潮,東北東 1.9m/s・高波,曇り時々晴れ,トラフグ,NULL,NULL,フグ ショウサイフグ25～45cm…0～6匹。 他トラフグ1.2～1.5kg…船中2匹、ホウボウ、カワハギ、ウマズラ、イナダ、ムシガレイ。 今日も港前の近場から始めましたが､南岸低気圧通過の影響が残り､高波&潮濁りで一昨日釣れたポイントでは何も釣れませんでした。 沖のジャリ場に移動してからはフグの型が見られる様になりましたが、潮も動かないのでまとまって釣れるポイントは見付けられませんでした。 波が小さくなればまたフグは釣れ出すでしょう。 明日からに期待してください。,14.5℃,NULL,chowari/不動丸
不動丸,鹿嶋旧港,2026/03/28,3,0,トラフグ,トラフグ,サブ,トラフグ,NULL,0.0,1.0,0.5,0,,,1.2,1.5,NULL,茨城県 鹿嶋市 鹿嶋旧港,NULL,NULL,1,NULL,NULL,14.5,14.5,濁り,東北東,2.3m/s,長潮,東北東 1.9m/s・高波,曇り時々晴れ,NULL,NULL,NULL,フグ ショウサイフグ25～45cm…0～6匹。 他トラフグ1.2～1.5kg…船中2匹、ホウボウ、カワハギ、ウマズラ、イナダ、ムシガレイ。 今日も港前の近場から始めましたが､南岸低気圧通過の影響が残り､高波&潮濁りで一昨日釣れたポイントでは何も釣れませんでした。 沖のジャリ場に移動してからはフグの型が見られる様になりましたが、潮も動かないのでまとまって釣れるポイントは見付けられませんでした。 波が小さくなればまたフグは釣れ出すでしょう。 明日からに期待してください。,14.5℃,NULL,chowari/不動丸
不動丸,鹿嶋旧港,2026/03/29,1,0,マダイ,マダイ,メイン,マダイ,NULL,0.0,3.0,1.5,0,,,0.6,2.0,NULL,茨城県 鹿嶋市 鹿嶋旧港,NULL,NULL,1,NULL,NULL,14.8,14.8,NULL,北,0.7m/s,若潮,東北東 1.4m/s,晴れ後時々曇り,,NULL,NULL,☆午後テンヤ真鯛船☆ マダイ０.6～２.0kg ０～３枚 今日は午後船も出船しました！ 全６名様のうち５名様が貸し竿初挑戦と、ジャングル・クルーズかミステリー・ツアーズか…のドキドキ出船でしたが、好調にアテていた鹿島僚船に呼んでいただき、後半は海悪くなり釣り辛かったですが、ポツポツ本命ゲットできて、トップ３枚がお二人～！！ ホウボウ、ショウサイフグ(０～３匹)、トラフグまで出て、お土産に～！ テンヤは固定、遊動、サイズも５～１５号と、幅広く準備できると良いでしょう。 タイジグ、スイッチ等が良いことも！ できる方はご準備を～！,14.8℃,NULL,chowari/不動丸
不動丸,鹿嶋旧港,2026/03/29,2,0,ワラサ,ワラサ,メイン,ワラサ,NULL,0.0,4.0,2.0,0,,,3.2,6.0,NULL,茨城県 鹿嶋市 鹿嶋旧港,NULL,NULL,1,NULL,NULL,14.8,14.8,NULL,北,0.7m/s,若潮,東北東 1.4m/s,晴れ後時々曇り,,NULL,NULL,ルアー ☆☆青物ルアー船☆☆ ワラサ0～4本3.2～6キロ 他、ワカシ、イナダ、カサゴ、ホウボウ、マハタ 本日のルアー船は、ポツリと釣れワラサは最大6キロあと一歩でブリなんて魚もいました。みなマルマルとした魚体でした。 ここ最近低迷気味でしたがこれから上向いてくれればと思います。,14.8℃,NULL,chowari/不動丸
不動丸,鹿嶋旧港,2026/03/29,3,0,ヒラメ,ヒラメ,メイン,ヒラメ,NULL,0.0,6.0,3.0,0,,,0.5,3.3,NULL,茨城県 鹿嶋市 鹿嶋旧港,NULL,NULL,1,NULL,NULL,14.8,14.8,NULL,北,0.7m/s,若潮,東北東 1.4m/s,晴れ後時々曇り,,NULL,NULL,ヒラメ ◇◆◇ヒラメ船◇◆◇ ・ヒラメ…0ー6枚(0.5ー3.3キロ) ・その他…ソイ、マハタ、ホウボウ、カサゴ、マトウダイ 本日も終日潮流れ悪く難しい釣りでしたが昨日よりアタリ出たのでなんとかなりました。 もう少し流れて欲しかったですね。 残念ながら本日で餌の供給が終了しましたので今シーズンのヒラメ釣りは、終了となります。 今シーズンも沢山のお客様に遊びに来て頂きありがとうございました。 また来シーズンもお楽しみに！ 尚、ダービーの結果は集計後の発表となりますのでお楽しみにして下さい！ 船長や上乗りさんが仕掛けの長さ等をアドバイスしてくれますので参考にして頂ければ初心者の方も釣れますよー！ ※錘は60～100号を潮流に,14.8℃,NULL,chowari/不動丸
不動丸,鹿嶋旧港,2026/03/29,4,0,ショウサイフグ,ショウサイフグ,メイン,ショウサイフグ,NULL,2.0,16.0,9.0,0,25.0,45.0,,,NULL,茨城県 鹿嶋市 鹿嶋旧港,NULL,NULL,1,NULL,NULL,14.8,14.8,NULL,北,0.7m/s,若潮,東北東 1.4m/s,晴れ後時々曇り,トラフグ,NULL,NULL,フグ ショウサイフグ25～45cm…2～16匹。 他トラフグ1～1.5kg…船中2匹、マコガレイ、ホウボウ、カワハギ、ウマズラ、ムシガレイ、アナゴ。 港前の近場をジャリ場主体に釣りました。 空振りはほとんど無く釣れましたが、潮が動かずすぐにフグのアタリが止まってしまう感じでした。 アナゴやドンコやサメ等が多く掛かって来たので、下潮も暗かったのだろうと思います。 フグの型はとても良く、釣果もお客さん多い割には釣れたと思います。 上向きです。,14.8℃,NULL,chowari/不動丸
不動丸,鹿嶋旧港,2026/03/29,4,0,トラフグ,トラフグ,サブ,トラフグ,NULL,0.0,1.0,0.5,0,,,1.0,1.5,NULL,茨城県 鹿嶋市 鹿嶋旧港,NULL,NULL,1,NULL,NULL,14.8,14.8,NULL,北,0.7m/s,若潮,東北東 1.4m/s,晴れ後時々曇り,NULL,NULL,NULL,フグ ショウサイフグ25～45cm…2～16匹。 他トラフグ1～1.5kg…船中2匹、マコガレイ、ホウボウ、カワハギ、ウマズラ、ムシガレイ、アナゴ。 港前の近場をジャリ場主体に釣りました。 空振りはほとんど無く釣れましたが、潮が動かずすぐにフグのアタリが止まってしまう感じでした。 アナゴやドンコやサメ等が多く掛かって来たので、下潮も暗かったのだろうと思います。 フグの型はとても良く、釣果もお客さん多い割には釣れたと思います。 上向きです。,14.8℃,NULL,chowari/不動丸
不動丸,鹿嶋旧港,2026/03/30,1,0,メバル,メバル,メイン,メバル,NULL,0.0,10.0,5.0,0,25.0,30.0,,,NULL,茨城県 鹿嶋市 鹿嶋旧港,NULL,NULL,1,NULL,NULL,14.9,14.9,NULL,北,2.2m/s,中潮,東北東 1.5m/s・凪,曇り時々晴れ,,NULL,NULL,◇◆◇メバル五目船◇◆◇ ・メバル…0ー10尾(25ー30センチ) ・その他…カサゴ、マハタ、ソイ、キントキ 本日は朝から風波強く釣り辛い状況で波を嫌ったのか反応は多かったものの掛かっても単発ばかりで多点になりませんでした。 凪れば食いは戻ると思うので今後に期待しましょう！ その他のゲストも高級魚ばっかりなので楽しめますよー！ ※浅場が食わなければ中深場も視野に入れてますので、中深場用の竿も持参しておくと急な深場も対応できます！ 餌はサバ皮が付きますがイカ短も食いが良いので持参すると良いでしょう。 ※基本はフラッシャーサビキでの釣りになります。 ※電動リールは必須です。浅場が食わない時は沖も狙いに行きますし、型が良い,14.9℃,NULL,chowari/不動丸
不動丸,鹿嶋旧港,2026/03/30,2,0,ショウサイフグ,ショウサイフグ,メイン,ショウサイフグ,NULL,2.0,15.0,8.5,0,25.0,45.0,,,NULL,茨城県 鹿嶋市 鹿嶋旧港,NULL,NULL,1,NULL,NULL,14.9,14.9,NULL,北,2.2m/s,中潮,東北東 1.5m/s,曇り時々晴れ,,NULL,NULL,フグ ショウサイフグ25～45cm…2～15匹。 他トラフグ、ヒラメ、カワハギ、ウマズラ、ホウボウ、カサゴ、アナゴ、ムシガレイ。 北風強く出船が危ぶまれましたが、なんとか出られました。 今日も港前近場のジャリ場から始めましたが､海が悪い上に潮も速くてオマツリ多発して､フグも型が出ただけでした。 浅場に移動してからフグの型が出始めて､周囲の根まわりを釣り始めてからはポツポツと掛かる様になりました。 船酔い気味の人も多かったですが､なんとか全員釣ってくれました。 今日も大フグばかりでした。,14.9℃,NULL,chowari/不動丸
光三丸,長井漆山港,2026/03/21,1,0,ヤリイカ,ヤリイカ,メイン,ヤリイカ,NULL,0.0,1.0,0.5,0,30.0,35.0,,,NULL,洲崎沖,NULL,NULL,1,NULL,NULL,12.6,12.6,NULL,北北東,8.7m/s,中潮,北北東 0.6m/s,晴れ,,NULL,NULL,本日も通常出船、強めの北東風でしたが朝一のワンチャン狙いで沖ノ瀬向け直行してみました。 昨日のイメージでは、とりあえずお土産だけは確保できる算段だったのですが・・・ 6隻で探し、船中0杯が3隻、船中6～7杯という船が一番でした。 そして解散、洲崎沖へ渡る船3隻、近場に戻る船3隻。 申し訳ない貧果です、明日はナギ予報ですが近場で粘る予定です。 11～14cmヅノ主体に糸巻き系は強いです、120号オモリ使用となります。,12.6℃,NULL,chowari/光三丸
光三丸,長井漆山港,2026/03/22,1,0,ヤリイカ,ヤリイカ,メイン,ヤリイカ,NULL,1.0,8.0,4.5,0,25.0,40.0,,,NULL,江ノ島沖,江ノ島沖,NULL,2,NULL,NULL,12.6,12.6,NULL,北北東,4.8m/s,中潮,南南東 0.3m/s,晴れ後時々曇り,,NULL,NULL,連日、釣果の上がっていない状況下、昨日はどん底の0～1杯・・・ そんな低落船宿に10名様も集まって下さり通常出船できました。 港前スタートは朝一の投入から着乗り。 3回流して0～3杯でしたが、久しぶりの江ノ島沖が好況、模様をもらい向けさせてもらいました。 3月も下旬にかかる江ノ島沖、過去の記憶を辿りながらあちこちと流してみました。 やはり群れがまとまっている感じではなく、各所に留守番がいるだけ？ 貸し竿ビギナーの皆様もどうにか型だけは見られました。 明日もご予約頂き出船確定しています、空席多数お連れ様募集です。,12.6℃,NULL,chowari/光三丸
光三丸,長井漆山港,2026/03/25,1,0,ヤリイカ,ヤリイカ,メイン,ヤリイカ,NULL,3.0,10.0,6.5,0,20.0,40.0,,,NULL,神奈川県 横須賀市 長井漆山港,NULL,NULL,1,NULL,NULL,13.1,13.1,NULL,南東,4.5m/s,小潮,南南東 0.6m/s,雨,,NULL,NULL,本日はどうにか通常出船、港前近場で一日粘りました。 水深もイカもバラバラ、何とも掴みどころのない感じです。 100mで良型ヤリイカ、140mでマルイカだったり、180mに良型ヤリイカも中型のスルメも居て、また100m線に戻るとムギイカ級が居たり。 どこにもイワシの反応はたくさん見えていて、サバの群れにイカが混じっていたりと何が正解か？ それでもミックスでどうにかお土産程度にはなりました。 どうやら明日も雨予報ですね・・・4連休でしょうか？ 29日（日）まで都合により臨時休業、釣行予定だった皆様には申し訳ないです休ませて頂きます。 30日（月）から沖イカ狙いでご予約お待ち致します。,13.1℃,NULL,chowari/光三丸
大喜丸,網代港,2026/03/22,1,0,イサキ,イサキ,メイン,イサキ,NULL,,,,0,,,,,NULL,静岡県 熱海市 網代港,NULL,NULL,1,NULL,NULL,15.9,15.9,NULL,北東,2.1m/s,中潮,東南東 0.2m/s,晴れ後時々曇り,,NULL,NULL,午前：イサキ五目船。今日はお連れさんが寝坊で仕方なく1名様での出船でした。相変わらず潮流れ速く、コマセも効かない状態でした。こんな時程ひと工夫が必要ですね。結果、中型主体で23匹でした。コマセの撒き方や棚の取り方など色々と 工夫をしてみて下さい。 ご乗船ありがとうございましたm(__)m,15.9℃,NULL,chowari/大喜丸
大喜丸,網代港,2026/03/24,1,0,オオモンハタ,ハタ,サブ,オオモンハタ,NULL,,,,0,,,,,NULL,静岡県 熱海市 網代港,NULL,NULL,1,NULL,NULL,15.9,15.9,NULL,北東,3.1m/s,中潮,東南東 0.8m/s,晴れ後時々曇り,NULL,NULL,NULL,午前：ヒラメ五目船。浅場中心に攻めました。エサ反応は多く、船中4枚(0.8㌔-1.0㌔-1.2㌔-3.0㌔)。バラシもありで残念。他はオオモンハタ。ホウボウなど。まだまだ楽しめそうです(^-^),15.9℃,NULL,chowari/大喜丸
大喜丸,網代港,2026/03/24,1,0,ヒラメ,ヒラメ,メイン,ヒラメ,NULL,4.0,4.0,4.0,0,,,0.8,3.0,NULL,静岡県 熱海市 網代港,NULL,NULL,1,NULL,NULL,15.9,15.9,NULL,北東,3.1m/s,中潮,東南東 0.8m/s,晴れ後時々曇り,オオモンハタ,NULL,NULL,午前：ヒラメ五目船。浅場中心に攻めました。エサ反応は多く、船中4枚(0.8㌔-1.0㌔-1.2㌔-3.0㌔)。バラシもありで残念。他はオオモンハタ。ホウボウなど。まだまだ楽しめそうです(^-^),15.9℃,NULL,chowari/大喜丸
大喜丸,網代港,2026/03/29,1,0,イサキ,イサキ,メイン,イサキ,NULL,,,,0,,,,,NULL,静岡県 熱海市 網代港,NULL,NULL,1,NULL,NULL,16.2,16.2,NULL,南西,0.5m/s,若潮,東南東 0.5m/s,晴れ後時々曇り,マダイ・ムロアジ,NULL,NULL,午前：イサキ五目船。朝から反応は有るものの船下に来ない？反応に載せても逃げる様子で大苦戦でした。後半は場所移動してダブルもあり、なんとかお土産にはなりました。結果、18匹～25匹、2番手24匹。他はマダイ(1㌔前後)にムロアジでした。 ご乗船ありがとうございましたm(__)m,16.2℃,NULL,chowari/大喜丸
大喜丸,網代港,2026/03/29,1,0,マダイ,マダイ,サブ,マダイ,NULL,,,,0,,,,,NULL,静岡県 熱海市 網代港,NULL,NULL,1,NULL,NULL,16.2,16.2,NULL,南西,0.5m/s,若潮,東南東 0.5m/s,晴れ後時々曇り,NULL,NULL,NULL,午前：イサキ五目船。朝から反応は有るものの船下に来ない？反応に載せても逃げる様子で大苦戦でした。後半は場所移動してダブルもあり、なんとかお土産にはなりました。結果、18匹～25匹、2番手24匹。他はマダイ(1㌔前後)にムロアジでした。 ご乗船ありがとうございましたm(__)m,16.2℃,NULL,chowari/大喜丸
大喜丸,網代港,2026/03/29,1,0,ムロアジ,アジ,サブ,ムロアジ,NULL,,,,0,,,,,NULL,静岡県 熱海市 網代港,NULL,NULL,1,NULL,NULL,16.2,16.2,NULL,南西,0.5m/s,若潮,東南東 0.5m/s,晴れ後時々曇り,NULL,NULL,NULL,午前：イサキ五目船。朝から反応は有るものの船下に来ない？反応に載せても逃げる様子で大苦戦でした。後半は場所移動してダブルもあり、なんとかお土産にはなりました。結果、18匹～25匹、2番手24匹。他はマダイ(1㌔前後)にムロアジでした。 ご乗船ありがとうございましたm(__)m,16.2℃,NULL,chowari/大喜丸
大栄丸,鹿嶋新港,2026/03/20,1,0,ヒラメ,ヒラメ,メイン,ヒラメ,NULL,0.0,8.0,4.0,0,,,0.3,4.4,NULL,茨城県 鹿嶋市 鹿嶋新港,NULL,NULL,1,NULL,NULL,14.8,14.8,NULL,北東,4.7m/s,大潮,東北東 1.8m/s・波高,曇り一時雨,マハタ・メバル,NULL,NULL,ヒラメ船、長いシケ休み… 久々出船できました。 ありがとうございます！ 本日ヒラメ船、 朝から型は出て好調。 海は真っ白で波高くも、 良型&#8226;大判も顔見せ、 船中アタリはありました。 船酔いで釣りできない方もいましたが、 ほとんどの方根魚等含め お土産になりました♪ 明日もヒラメ、午前&#8226;午後マダイ、 メバル船が出船致します。 ★予約受付中★ 本日ご乗船の皆様、 いつもありがとうございます、 またのご釣行、こころより お待ちしております！,14.8℃,NULL,chowari/大栄丸
大栄丸,鹿嶋新港,2026/03/20,1,0,マハタ,マハタ,サブ,マハタ,NULL,,,,0,,,,,NULL,茨城県 鹿嶋市 鹿嶋新港,NULL,NULL,1,NULL,NULL,14.8,14.8,NULL,北東,4.7m/s,大潮,東北東 1.8m/s・波高,曇り一時雨,NULL,NULL,NULL,ヒラメ船、長いシケ休み… 久々出船できました。 ありがとうございます！ 本日ヒラメ船、 朝から型は出て好調。 海は真っ白で波高くも、 良型&#8226;大判も顔見せ、 船中アタリはありました。 船酔いで釣りできない方もいましたが、 ほとんどの方根魚等含め お土産になりました♪ 明日もヒラメ、午前&#8226;午後マダイ、 メバル船が出船致します。 ★予約受付中★ 本日ご乗船の皆様、 いつもありがとうございます、 またのご釣行、こころより お待ちしております！,14.8℃,NULL,chowari/大栄丸
大栄丸,鹿嶋新港,2026/03/20,1,0,メバル,メバル,サブ,メバル,NULL,,,,0,,,,,NULL,茨城県 鹿嶋市 鹿嶋新港,NULL,NULL,1,NULL,NULL,14.8,14.8,NULL,北東,4.7m/s,大潮,東北東 1.8m/s・波高,曇り一時雨,NULL,NULL,NULL,ヒラメ船、長いシケ休み… 久々出船できました。 ありがとうございます！ 本日ヒラメ船、 朝から型は出て好調。 海は真っ白で波高くも、 良型&#8226;大判も顔見せ、 船中アタリはありました。 船酔いで釣りできない方もいましたが、 ほとんどの方根魚等含め お土産になりました♪ 明日もヒラメ、午前&#8226;午後マダイ、 メバル船が出船致します。 ★予約受付中★ 本日ご乗船の皆様、 いつもありがとうございます、 またのご釣行、こころより お待ちしております！,14.8℃,NULL,chowari/大栄丸
大栄丸,鹿嶋新港,2026/03/21,1,0,マダイ,マダイ,メイン,マダイ,NULL,,,,0,,,0.8,5.0,NULL,茨城県 鹿嶋市 鹿嶋新港,NULL,NULL,1,NULL,NULL,14.6,14.6,NULL,北西,1.7m/s,中潮,東北東 1.4m/s,晴れ,,NULL,NULL,午後マダイ、2隻で出船。 本日午後マダイ船、 前半はイマイチで型程度も…！ 中盤に良型連発。 3人同時ヒットもあり、 バラシも続出デシタ… 終盤に連発無くなり 中々魚上がらないな～ なんて思っていたら 1.5～2キロ2枚と最後に 大鯛GETで終了デシタ♪ 画像のマダイは全部エビでした！ なんでかマキモノは不発… 明日はわかりません。 明日も午後マダイ船が出船。 ★予約受付中★ 本日ご乗船の皆様、 いつもありがとうございます、 またのご釣行、こころより お待ちしております！,14.6℃,NULL,chowari/大栄丸
大栄丸,鹿嶋新港,2026/03/21,2,0,クロソイ,NULL,サブ,クロソイ,NULL,,,,0,,,,,NULL,茨城県 鹿嶋市 鹿嶋新港,NULL,NULL,1,NULL,NULL,14.6,14.6,NULL,北西,1.7m/s,中潮,東北東 1.4m/s,晴れ,NULL,NULL,NULL,ヒラメ船です。,14.6℃,NULL,chowari/大栄丸
大栄丸,鹿嶋新港,2026/03/21,2,0,ヒラメ,ヒラメ,メイン,ヒラメ,NULL,0.0,4.0,2.0,0,,,0.3,2.7,NULL,茨城県 鹿嶋市 鹿嶋新港,NULL,NULL,1,NULL,NULL,14.6,14.6,NULL,北西,1.7m/s,中潮,東北東 1.4m/s,晴れ,クロソイ・マハタ,NULL,NULL,ヒラメ船です。,14.6℃,NULL,chowari/大栄丸
大栄丸,鹿嶋新港,2026/03/21,2,0,マハタ,マハタ,サブ,マハタ,NULL,,,,0,,,,,NULL,茨城県 鹿嶋市 鹿嶋新港,NULL,NULL,1,NULL,NULL,14.6,14.6,NULL,北西,1.7m/s,中潮,東北東 1.4m/s,晴れ,NULL,NULL,NULL,ヒラメ船です。,14.6℃,NULL,chowari/大栄丸
大栄丸,鹿嶋新港,2026/03/21,3,0,メバル,メバル,メイン,メバル,NULL,1.0,6.0,3.5,0,25.0,32.0,,,NULL,茨城県 鹿嶋市 鹿嶋新港,NULL,NULL,1,NULL,NULL,14.6,14.6,NULL,北西,1.7m/s,中潮,東北東 1.4m/s,晴れ,,NULL,NULL,メバル船、前半海真っ白で、 思うように立ち回りできず… どこも型くらいでしたね。 船酔いの方以外は 全員顔見るものの、 どこも多点無く拾い釣りも いいとこでした(泣),14.6℃,NULL,chowari/大栄丸
大栄丸,鹿嶋新港,2026/03/22,1,0,マダイ,マダイ,メイン,マダイ,NULL,,,,0,,,0.8,2.0,NULL,茨城県 鹿嶋市 鹿嶋新港,NULL,NULL,1,NULL,NULL,14.5,14.5,NULL,東北東,2.7m/s,中潮,東北東 1.0m/s,晴れ後時々曇り,,NULL,NULL,午後マダイです。,14.5℃,NULL,chowari/大栄丸
大栄丸,鹿嶋新港,2026/03/22,2,0,ヒラメ,ヒラメ,メイン,ヒラメ,NULL,0.0,6.0,3.0,0,,,0.3,4.12,NULL,茨城県 鹿嶋市 鹿嶋新港,NULL,NULL,1,NULL,NULL,14.5,14.5,NULL,東北東,2.7m/s,中潮,東北東 1.0m/s,晴れ後時々曇り,,NULL,NULL,ヒラメ船です。,14.5℃,NULL,chowari/大栄丸
大栄丸,鹿嶋新港,2026/03/22,3,0,マダイ,マダイ,メイン,マダイ,NULL,0.0,2.0,1.0,0,,,0.9,2.22,NULL,茨城県 鹿嶋市 鹿嶋新港,NULL,NULL,1,NULL,NULL,14.5,14.5,NULL,東北東,2.7m/s,中潮,東北東 1.0m/s,晴れ後時々曇り,,NULL,NULL,午前マダイ船です。,14.5℃,NULL,chowari/大栄丸
大栄丸,鹿嶋新港,2026/03/25,1,0,ヒラメ,ヒラメ,メイン,ヒラメ,NULL,2.0,10.0,6.0,0,,,0.3,4.1,NULL,茨城県 鹿嶋市 鹿嶋新港,NULL,NULL,1,NULL,NULL,14.3,14.3,NULL,南南東,2.8m/s,小潮,東北東 1.2m/s・大シケ,曇りのち一時雨,,NULL,NULL,本日午前マダイ船、 灘もようやく大シケの影響から回復！ 浅場のポイントで、 ボウズ無して規定数達成。 まさに絶好調でした♪ 本日ご乗船の皆様、 いつもありがとうございます、 またのご釣行、こころより お待ちしております！,14.3℃,NULL,chowari/大栄丸
大栄丸,鹿嶋新港,2026/03/25,2,0,マダイ,マダイ,メイン,マダイ,NULL,0.0,2.0,1.0,0,,,0.6,1.0,NULL,茨城県 鹿嶋市 鹿嶋新港,NULL,NULL,1,NULL,NULL,14.3,14.3,NULL,南南東,2.8m/s,小潮,東北東 1.2m/s,曇りのち一時雨,,NULL,NULL,午前マダイ船、 朝から北のポイントへ走るも、 魚の食い悪かった…。 後半に港前のポイントにて、 型は見れ他魚もポツポツあがったものの、 良型&#8226;大鯛は不発でした…。 本日ご乗船の皆様、 いつもありがとうございます、 またのご釣行、こころより お待ちしております！,14.3℃,NULL,chowari/大栄丸
大栄丸,鹿嶋新港,2026/03/28,1,0,マダイ,マダイ,メイン,マダイ,NULL,0.0,2.0,1.0,0,,,0.8,2.5,NULL,茨城県 鹿嶋市 鹿嶋新港,NULL,NULL,1,NULL,NULL,14.5,14.5,NULL,東北東,2.3m/s,長潮,東北東 1.8m/s,曇り時々晴れ,,NULL,NULL,午前マダイ、TOP2名様。 本日午前マダイ船、 平間の大鯛&#8226;良型狙いに徹するも、 なぜか小鯛が多く…。 最近ほぼ毎日通ってる 根回りのポイントに近い ナダよりにて良型GETで一安心…。 その後は潮流れとまってしまい、 他魚含め活性低く？ アタリ少なく終了でした。 また明日大鯛&#8226;良型狙って 平場から入りますね！ 本日ご乗船の皆様、 いつもありがとうございます、 またのご釣行、こころより お待ちしております！,14.5℃,NULL,chowari/大栄丸
大栄丸,鹿嶋新港,2026/03/28,2,0,ヒラメ,ヒラメ,メイン,ヒラメ,NULL,0.0,4.0,2.0,0,,,0.3,6.88,NULL,茨城県 鹿嶋市 鹿嶋新港,NULL,NULL,1,NULL,NULL,14.5,14.5,NULL,東北東,2.3m/s,長潮,東北東 1.8m/s・ウネリ,曇り時々晴れ,,NULL,NULL,ヒラメ船、TOP3名様。 本日ヒラメ船、 朝からウネリ高く出船は 定時出船となりました。 こないだまでの ナダの爆釣ポイントは、 またまた底荒れMAXで大苦戦…。 大波シケが多いなぁ…。 底荒れ影響受け辛い沖は、 型は出すものの 大釣りではありませんが、、 あがればデカい。 ここに来て今季最大の 大判ヒラメGETで 盛り上がりましたね～。 明日もヒラメ船に出船です！ ★予約受付中★ 今季もあと3日となりました。 ぜひよろしくお願い致します。 本日ご乗船の皆様、 いつもありがとうございます、 またのご釣行、こころより お待ちしております！,14.5℃,NULL,chowari/大栄丸
大栄丸,鹿嶋新港,2026/03/29,1,0,マダイ,マダイ,メイン,マダイ,NULL,,,,0,,,0.6,2.5,NULL,茨城県 鹿嶋市 鹿嶋新港,NULL,NULL,1,NULL,NULL,14.8,14.8,NULL,北,0.7m/s,若潮,東北東 1.4m/s,晴れ後時々曇り,,NULL,NULL,午前マダイ船、 片方は良型連発あり、 もう一隻も急行するも、 到着後も方方ばかり釣れてしまい 偏りができてしまいましたね… あがればキロ周りの釣り味も 食べても美味サイズが連発でした！ キロ級粒揃いの 珍しい釣れ方だったな～ マキモノにも反応してきて、 ポイントもかなり近くなりましたね！ 今後が楽しみです♪ 本日ご乗船の皆様、 いつもありがとうございます、 またのご釣行、こころより お待ちしております！,14.8℃,NULL,chowari/大栄丸
大栄丸,鹿嶋新港,2026/03/29,2,0,ヒラメ,ヒラメ,メイン,ヒラメ,NULL,0.0,4.0,2.0,0,,,0.3,4.7,NULL,茨城県 鹿嶋市 鹿嶋新港,NULL,NULL,1,NULL,NULL,14.8,14.8,NULL,北,0.7m/s,若潮,東北東 1.4m/s,晴れ後時々曇り,,NULL,NULL,TOP4名様。 本日ヒラメ船、 朝から型あるものの 全然流れずでしたね。 中盤以降に風吹いてくると ポツポツ型出し始まり、 良型主体に3～4枚釣れた方も 多くお土産になりましたね～。 画像の通り良型連発GETで、 型見た方はみなさん大喜びでした。 明日もヒラメ船に出船予定です。 よろしくお願い致します。 本日ご乗船の皆様、 いつもありがとうございます、 またのご釣行、こころより お待ちしております！,14.8℃,NULL,chowari/大栄丸
大栄丸,鹿嶋新港,2026/03/30,1,0,ヒラメ,ヒラメ,メイン,ヒラメ,NULL,3.0,4.0,3.5,0,,,0.3,2.1,NULL,茨城県 鹿嶋市 鹿嶋新港,NULL,NULL,1,NULL,NULL,14.9,14.9,NULL,北,2.2m/s,中潮,東北東 1.5m/s,曇り時々晴れ,,NULL,NULL,本日ヒラメ船、 朝から北風強く… ポイントも限られてしまいましたが、 本調子ではないのにもかかわらず、 アタリは思ったよりありましたね。 釣り座等の釣果的落差も無く、 全員、お土産にはなりました！ 本日ご乗船の皆様、 いつもありがとうございます。 またのご釣行、こころより お待ちしております！,14.9℃,NULL,chowari/大栄丸
宗和丸,鹿嶋新港,2026/03/21,1,0,イナダ,イナダ,サブ,イナダ,NULL,1.0,1.0,1.0,0,48.0,48.0,,,NULL,茨城県 鹿嶋市 鹿嶋新港,NULL,NULL,1,NULL,NULL,14.6,14.6,NULL,北西,1.7m/s,中潮,東北東 1.4m/s・うねり,晴れ,NULL,NULL,NULL,午前テンヤ真鯛船 風強く、うねりで 走りづらかったですが 北のポイントまで向かい 朝イチは、真鯛2枚あがりましたが 朝だけで、当たりパッタリ、、、 外道が多彩に掛かったので なんとかお土産になり、 よかったです！ お疲れさまでした。,14.6℃,NULL,chowari/宗和丸
宗和丸,鹿嶋新港,2026/03/21,1,0,ショウサイフグ,ショウサイフグ,サブ,ショウサイフグ,NULL,0.0,2.0,1.0,0,15.0,20.0,,,NULL,茨城県 鹿嶋市 鹿嶋新港,NULL,NULL,1,NULL,NULL,14.6,14.6,NULL,北西,1.7m/s,中潮,東北東 1.4m/s・うねり,晴れ,NULL,NULL,NULL,午前テンヤ真鯛船 風強く、うねりで 走りづらかったですが 北のポイントまで向かい 朝イチは、真鯛2枚あがりましたが 朝だけで、当たりパッタリ、、、 外道が多彩に掛かったので なんとかお土産になり、 よかったです！ お疲れさまでした。,14.6℃,NULL,chowari/宗和丸
宗和丸,鹿嶋新港,2026/03/21,1,0,ハナダイ,ハナダイ,サブ,ハナダイ,NULL,1.0,1.0,1.0,0,,,0.7,0.7,NULL,茨城県 鹿嶋市 鹿嶋新港,NULL,NULL,1,NULL,NULL,14.6,14.6,NULL,北西,1.7m/s,中潮,東北東 1.4m/s・うねり,晴れ,NULL,NULL,NULL,午前テンヤ真鯛船 風強く、うねりで 走りづらかったですが 北のポイントまで向かい 朝イチは、真鯛2枚あがりましたが 朝だけで、当たりパッタリ、、、 外道が多彩に掛かったので なんとかお土産になり、 よかったです！ お疲れさまでした。,14.6℃,NULL,chowari/宗和丸
宗和丸,鹿嶋新港,2026/03/21,1,0,ホウボウ,ホウボウ,サブ,ホウボウ,NULL,0.0,2.0,1.0,0,30.0,40.0,,,NULL,茨城県 鹿嶋市 鹿嶋新港,NULL,NULL,1,NULL,NULL,14.6,14.6,NULL,北西,1.7m/s,中潮,東北東 1.4m/s・うねり,晴れ,NULL,NULL,NULL,午前テンヤ真鯛船 風強く、うねりで 走りづらかったですが 北のポイントまで向かい 朝イチは、真鯛2枚あがりましたが 朝だけで、当たりパッタリ、、、 外道が多彩に掛かったので なんとかお土産になり、 よかったです！ お疲れさまでした。,14.6℃,NULL,chowari/宗和丸
宗和丸,鹿嶋新港,2026/03/21,1,0,マダイ,マダイ,メイン,マダイ,NULL,0.0,1.0,0.5,0,,,0.8,1.5,NULL,茨城県 鹿嶋市 鹿嶋新港,NULL,NULL,1,NULL,NULL,14.6,14.6,NULL,北西,1.7m/s,中潮,東北東 1.4m/s・うねり,晴れ,イナダ・ショウサイフグ・ハナダイ・ホウボウ,NULL,NULL,午前テンヤ真鯛船 風強く、うねりで 走りづらかったですが 北のポイントまで向かい 朝イチは、真鯛2枚あがりましたが 朝だけで、当たりパッタリ、、、 外道が多彩に掛かったので なんとかお土産になり、 よかったです！ お疲れさまでした。,14.6℃,NULL,chowari/宗和丸
宗和丸,鹿嶋新港,2026/03/22,1,0,ショウサイフグ,ショウサイフグ,サブ,ショウサイフグ,NULL,0.0,3.0,1.5,0,15.0,25.0,,,NULL,茨城県 鹿嶋市 鹿嶋新港,NULL,NULL,1,NULL,NULL,14.5,14.5,NULL,東北東,2.7m/s,中潮,東北東 1.0m/s,晴れ後時々曇り,NULL,NULL,NULL,午前テンヤ真鯛船 (2隻の高低差) 今日も北の浅場の大鯛狙いから入りました。 朝のうちはポツポツ真鯛の型見れましたが後半より当たり少なくなり苦戦しました。 そんな中でも 3.6kg！半額券、3枚ゲットぉ！ おめでとうございます！ 2.8kg もうちょいだったね！ 2.5kg いい線まで行きましたね！ 1.8kg 1.5kg 1.3kg の真鯛取れました！ これからも期待出来ますね！ 本日ご乗船のお客様お疲れ様でした。 またのご乗船お待ちしています！,14.5℃,NULL,chowari/宗和丸
宗和丸,鹿嶋新港,2026/03/22,1,0,ハナダイ,ハナダイ,サブ,ハナダイ,NULL,0.0,2.0,1.0,0,,,0.4,0.7,NULL,茨城県 鹿嶋市 鹿嶋新港,NULL,NULL,1,NULL,NULL,14.5,14.5,NULL,東北東,2.7m/s,中潮,東北東 1.0m/s,晴れ後時々曇り,NULL,NULL,NULL,午前テンヤ真鯛船 (2隻の高低差) 今日も北の浅場の大鯛狙いから入りました。 朝のうちはポツポツ真鯛の型見れましたが後半より当たり少なくなり苦戦しました。 そんな中でも 3.6kg！半額券、3枚ゲットぉ！ おめでとうございます！ 2.8kg もうちょいだったね！ 2.5kg いい線まで行きましたね！ 1.8kg 1.5kg 1.3kg の真鯛取れました！ これからも期待出来ますね！ 本日ご乗船のお客様お疲れ様でした。 またのご乗船お待ちしています！,14.5℃,NULL,chowari/宗和丸
宗和丸,鹿嶋新港,2026/03/22,1,0,ホウボウ,ホウボウ,サブ,ホウボウ,NULL,0.0,2.0,1.0,0,35.0,40.0,,,NULL,茨城県 鹿嶋市 鹿嶋新港,NULL,NULL,1,NULL,NULL,14.5,14.5,NULL,東北東,2.7m/s,中潮,東北東 1.0m/s,晴れ後時々曇り,NULL,NULL,NULL,午前テンヤ真鯛船 (2隻の高低差) 今日も北の浅場の大鯛狙いから入りました。 朝のうちはポツポツ真鯛の型見れましたが後半より当たり少なくなり苦戦しました。 そんな中でも 3.6kg！半額券、3枚ゲットぉ！ おめでとうございます！ 2.8kg もうちょいだったね！ 2.5kg いい線まで行きましたね！ 1.8kg 1.5kg 1.3kg の真鯛取れました！ これからも期待出来ますね！ 本日ご乗船のお客様お疲れ様でした。 またのご乗船お待ちしています！,14.5℃,NULL,chowari/宗和丸
宗和丸,鹿嶋新港,2026/03/22,1,0,マダイ,マダイ,メイン,マダイ,NULL,0.0,2.0,1.0,0,,,0.5,3.6,NULL,茨城県 鹿嶋市 鹿嶋新港,NULL,NULL,1,NULL,NULL,14.5,14.5,NULL,東北東,2.7m/s,中潮,東北東 1.0m/s,晴れ後時々曇り,ショウサイフグ・ハナダイ・ホウボウ,NULL,NULL,午前テンヤ真鯛船 (2隻の高低差) 今日も北の浅場の大鯛狙いから入りました。 朝のうちはポツポツ真鯛の型見れましたが後半より当たり少なくなり苦戦しました。 そんな中でも 3.6kg！半額券、3枚ゲットぉ！ おめでとうございます！ 2.8kg もうちょいだったね！ 2.5kg いい線まで行きましたね！ 1.8kg 1.5kg 1.3kg の真鯛取れました！ これからも期待出来ますね！ 本日ご乗船のお客様お疲れ様でした。 またのご乗船お待ちしています！,14.5℃,NULL,chowari/宗和丸
宗和丸,鹿嶋新港,2026/03/22,2,0,ウマヅラハギ,NULL,サブ,ウマヅラハギ,NULL,0.0,2.0,1.0,0,25.0,30.0,,,NULL,茨城県 鹿嶋市 鹿嶋新港,NULL,NULL,1,NULL,NULL,14.5,14.5,NULL,東北東,2.7m/s,中潮,東北東 1.0m/s,晴れ後時々曇り,NULL,NULL,NULL,ショウサイフグ船 北のポイントを狙い 朝イチは、当たりなく 苦戦しましたが ポイントを移動すると 反応乗れ、 入れ食いな方もいて、 絶好調でしたよ～！！ 皆様お土産になり、よかったです！ 風吹いてきてから 当たりなくなっちゃいましたね、、 お疲れさまでした。,14.5℃,NULL,chowari/宗和丸
宗和丸,鹿嶋新港,2026/03/22,2,0,ガンゾウビラメ,NULL,サブ,ガンゾウビラメ,NULL,1.0,1.0,1.0,0,30.0,30.0,,,NULL,茨城県 鹿嶋市 鹿嶋新港,NULL,NULL,1,NULL,NULL,14.5,14.5,NULL,東北東,2.7m/s,中潮,東北東 1.0m/s,晴れ後時々曇り,NULL,NULL,NULL,ショウサイフグ船 北のポイントを狙い 朝イチは、当たりなく 苦戦しましたが ポイントを移動すると 反応乗れ、 入れ食いな方もいて、 絶好調でしたよ～！！ 皆様お土産になり、よかったです！ 風吹いてきてから 当たりなくなっちゃいましたね、、 お疲れさまでした。,14.5℃,NULL,chowari/宗和丸
宗和丸,鹿嶋新港,2026/03/22,2,0,ショウサイフグ,ショウサイフグ,メイン,ショウサイフグ,NULL,5.0,22.0,13.5,0,20.0,35.0,,,NULL,茨城県 鹿嶋市 鹿嶋新港,NULL,NULL,1,NULL,NULL,14.5,14.5,NULL,東北東,2.7m/s,中潮,東北東 1.0m/s,晴れ後時々曇り,ウマヅラハギ・ガンゾウビラメ,NULL,NULL,ショウサイフグ船 北のポイントを狙い 朝イチは、当たりなく 苦戦しましたが ポイントを移動すると 反応乗れ、 入れ食いな方もいて、 絶好調でしたよ～！！ 皆様お土産になり、よかったです！ 風吹いてきてから 当たりなくなっちゃいましたね、、 お疲れさまでした。,14.5℃,NULL,chowari/宗和丸
宗和丸,鹿嶋新港,2026/03/28,1,0,ウマヅラハギ,NULL,サブ,ウマヅラハギ,NULL,1.0,1.0,1.0,0,30.0,30.0,,,NULL,茨城県 鹿嶋市 鹿嶋新港,NULL,NULL,1,NULL,NULL,14.5,14.5,NULL,東北東,2.3m/s,長潮,東北東 1.8m/s,曇り時々晴れ,NULL,NULL,NULL,午後テンヤ真鯛船 午後からも 北のポイントを転々とし、 狙いましたが、 当たり少なく大苦戦、、,14.5℃,NULL,chowari/宗和丸
宗和丸,鹿嶋新港,2026/03/28,1,0,カサゴ,カサゴ,サブ,カサゴ,NULL,0.0,2.0,1.0,0,15.0,20.0,,,NULL,茨城県 鹿嶋市 鹿嶋新港,NULL,NULL,1,NULL,NULL,14.5,14.5,NULL,東北東,2.3m/s,長潮,東北東 1.8m/s,曇り時々晴れ,NULL,NULL,NULL,午後テンヤ真鯛船 午後からも 北のポイントを転々とし、 狙いましたが、 当たり少なく大苦戦、、,14.5℃,NULL,chowari/宗和丸
宗和丸,鹿嶋新港,2026/03/28,1,0,ショウサイフグ,ショウサイフグ,サブ,ショウサイフグ,NULL,0.0,3.0,1.5,0,20.0,25.0,,,NULL,茨城県 鹿嶋市 鹿嶋新港,NULL,NULL,1,NULL,NULL,14.5,14.5,NULL,東北東,2.3m/s,長潮,東北東 1.8m/s,曇り時々晴れ,NULL,NULL,NULL,午後テンヤ真鯛船 午後からも 北のポイントを転々とし、 狙いましたが、 当たり少なく大苦戦、、,14.5℃,NULL,chowari/宗和丸
宗和丸,鹿嶋新港,2026/03/28,1,0,ハナダイ,ハナダイ,サブ,ハナダイ,NULL,0.0,3.0,1.5,0,,,0.5,0.7,NULL,茨城県 鹿嶋市 鹿嶋新港,NULL,NULL,1,NULL,NULL,14.5,14.5,NULL,東北東,2.3m/s,長潮,東北東 1.8m/s,曇り時々晴れ,NULL,NULL,NULL,午後テンヤ真鯛船 午後からも 北のポイントを転々とし、 狙いましたが、 当たり少なく大苦戦、、,14.5℃,NULL,chowari/宗和丸
宗和丸,鹿嶋新港,2026/03/28,1,0,ホウボウ,ホウボウ,サブ,ホウボウ,NULL,0.0,2.0,1.0,0,25.0,35.0,,,NULL,茨城県 鹿嶋市 鹿嶋新港,NULL,NULL,1,NULL,NULL,14.5,14.5,NULL,東北東,2.3m/s,長潮,東北東 1.8m/s,曇り時々晴れ,NULL,NULL,NULL,午後テンヤ真鯛船 午後からも 北のポイントを転々とし、 狙いましたが、 当たり少なく大苦戦、、,14.5℃,NULL,chowari/宗和丸
宗和丸,鹿嶋新港,2026/03/28,1,0,マダイ,マダイ,メイン,マダイ,NULL,1.0,1.0,1.0,0,,,1.1,1.1,NULL,茨城県 鹿嶋市 鹿嶋新港,NULL,NULL,1,NULL,NULL,14.5,14.5,NULL,東北東,2.3m/s,長潮,東北東 1.8m/s,曇り時々晴れ,ウマヅラハギ・カサゴ・ショウサイフグ・ハナダイ・ホウボウ,NULL,NULL,午後テンヤ真鯛船 午後からも 北のポイントを転々とし、 狙いましたが、 当たり少なく大苦戦、、,14.5℃,NULL,chowari/宗和丸
宗和丸,鹿嶋新港,2026/03/28,2,0,イナダ,イナダ,サブ,イナダ,NULL,0.0,1.0,0.5,0,40.0,45.0,,,NULL,茨城県 鹿嶋市 鹿嶋新港,NULL,NULL,1,NULL,NULL,14.5,14.5,NULL,東北東,2.3m/s,長潮,東北東 1.8m/s,曇り時々晴れ,NULL,NULL,NULL,午前テンヤ真鯛船 北のポイントを狙いましたが 今日は、当たり少なく いまいちでしたね、、、 ポイントを転々とし、 外道が多彩に掛かったので なんとかお土産には、なりました が、真鯛は、船中2匹で 終わってしまいました、、 では、午後船に行ってきます！,14.5℃,NULL,chowari/宗和丸
宗和丸,鹿嶋新港,2026/03/28,2,0,ウマヅラハギ,NULL,サブ,ウマヅラハギ,NULL,1.0,1.0,1.0,0,30.0,30.0,,,NULL,茨城県 鹿嶋市 鹿嶋新港,NULL,NULL,1,NULL,NULL,14.5,14.5,NULL,東北東,2.3m/s,長潮,東北東 1.8m/s,曇り時々晴れ,NULL,NULL,NULL,午前テンヤ真鯛船 北のポイントを狙いましたが 今日は、当たり少なく いまいちでしたね、、、 ポイントを転々とし、 外道が多彩に掛かったので なんとかお土産には、なりました が、真鯛は、船中2匹で 終わってしまいました、、 では、午後船に行ってきます！,14.5℃,NULL,chowari/宗和丸
宗和丸,鹿嶋新港,2026/03/28,2,0,カサゴ,カサゴ,サブ,カサゴ,NULL,0.0,1.0,0.5,0,15.0,20.0,,,NULL,茨城県 鹿嶋市 鹿嶋新港,NULL,NULL,1,NULL,NULL,14.5,14.5,NULL,東北東,2.3m/s,長潮,東北東 1.8m/s,曇り時々晴れ,NULL,NULL,NULL,午前テンヤ真鯛船 北のポイントを狙いましたが 今日は、当たり少なく いまいちでしたね、、、 ポイントを転々とし、 外道が多彩に掛かったので なんとかお土産には、なりました が、真鯛は、船中2匹で 終わってしまいました、、 では、午後船に行ってきます！,14.5℃,NULL,chowari/宗和丸
宗和丸,鹿嶋新港,2026/03/28,2,0,ショウサイフグ,ショウサイフグ,サブ,ショウサイフグ,NULL,0.0,7.0,3.5,0,15.0,25.0,,,NULL,茨城県 鹿嶋市 鹿嶋新港,NULL,NULL,1,NULL,NULL,14.5,14.5,NULL,東北東,2.3m/s,長潮,東北東 1.8m/s,曇り時々晴れ,NULL,NULL,NULL,午前テンヤ真鯛船 北のポイントを狙いましたが 今日は、当たり少なく いまいちでしたね、、、 ポイントを転々とし、 外道が多彩に掛かったので なんとかお土産には、なりました が、真鯛は、船中2匹で 終わってしまいました、、 では、午後船に行ってきます！,14.5℃,NULL,chowari/宗和丸
宗和丸,鹿嶋新港,2026/03/28,2,0,ソイ,NULL,サブ,ソイ,NULL,1.0,1.0,1.0,0,40.0,40.0,,,NULL,茨城県 鹿嶋市 鹿嶋新港,NULL,NULL,1,NULL,NULL,14.5,14.5,NULL,東北東,2.3m/s,長潮,東北東 1.8m/s,曇り時々晴れ,NULL,NULL,NULL,午前テンヤ真鯛船 北のポイントを狙いましたが 今日は、当たり少なく いまいちでしたね、、、 ポイントを転々とし、 外道が多彩に掛かったので なんとかお土産には、なりました が、真鯛は、船中2匹で 終わってしまいました、、 では、午後船に行ってきます！,14.5℃,NULL,chowari/宗和丸
宗和丸,鹿嶋新港,2026/03/28,2,0,ハタ,ハタ,サブ,ハタ,NULL,1.0,1.0,1.0,0,40.0,40.0,,,NULL,茨城県 鹿嶋市 鹿嶋新港,NULL,NULL,1,NULL,NULL,14.5,14.5,NULL,東北東,2.3m/s,長潮,東北東 1.8m/s,曇り時々晴れ,NULL,NULL,NULL,午前テンヤ真鯛船 北のポイントを狙いましたが 今日は、当たり少なく いまいちでしたね、、、 ポイントを転々とし、 外道が多彩に掛かったので なんとかお土産には、なりました が、真鯛は、船中2匹で 終わってしまいました、、 では、午後船に行ってきます！,14.5℃,NULL,chowari/宗和丸
宗和丸,鹿嶋新港,2026/03/28,2,0,ハナダイ,ハナダイ,サブ,ハナダイ,NULL,0.0,1.0,0.5,0,,,0.4,0.7,NULL,茨城県 鹿嶋市 鹿嶋新港,NULL,NULL,1,NULL,NULL,14.5,14.5,NULL,東北東,2.3m/s,長潮,東北東 1.8m/s,曇り時々晴れ,NULL,NULL,NULL,午前テンヤ真鯛船 北のポイントを狙いましたが 今日は、当たり少なく いまいちでしたね、、、 ポイントを転々とし、 外道が多彩に掛かったので なんとかお土産には、なりました が、真鯛は、船中2匹で 終わってしまいました、、 では、午後船に行ってきます！,14.5℃,NULL,chowari/宗和丸
宗和丸,鹿嶋新港,2026/03/28,2,0,ホウボウ,ホウボウ,サブ,ホウボウ,NULL,0.0,2.0,1.0,0,25.0,35.0,,,NULL,茨城県 鹿嶋市 鹿嶋新港,NULL,NULL,1,NULL,NULL,14.5,14.5,NULL,東北東,2.3m/s,長潮,東北東 1.8m/s,曇り時々晴れ,NULL,NULL,NULL,午前テンヤ真鯛船 北のポイントを狙いましたが 今日は、当たり少なく いまいちでしたね、、、 ポイントを転々とし、 外道が多彩に掛かったので なんとかお土産には、なりました が、真鯛は、船中2匹で 終わってしまいました、、 では、午後船に行ってきます！,14.5℃,NULL,chowari/宗和丸
宗和丸,鹿嶋新港,2026/03/28,2,0,マダイ,マダイ,メイン,マダイ,NULL,0.0,1.0,0.5,0,,,0.4,2.5,NULL,茨城県 鹿嶋市 鹿嶋新港,NULL,NULL,1,NULL,NULL,14.5,14.5,NULL,東北東,2.3m/s,長潮,東北東 1.8m/s,曇り時々晴れ,イナダ・ウマヅラハギ・カサゴ・ショウサイフグ・ソイ・ハタ・ハナダイ・ホウボウ,NULL,NULL,午前テンヤ真鯛船 北のポイントを狙いましたが 今日は、当たり少なく いまいちでしたね、、、 ポイントを転々とし、 外道が多彩に掛かったので なんとかお土産には、なりました が、真鯛は、船中2匹で 終わってしまいました、、 では、午後船に行ってきます！,14.5℃,NULL,chowari/宗和丸
宗和丸,鹿嶋新港,2026/03/29,1,0,ガンゾウビラメ,NULL,サブ,ガンゾウビラメ,NULL,0.0,1.0,0.5,0,30.0,35.0,,,NULL,茨城県 鹿嶋市 鹿嶋新港,NULL,NULL,1,NULL,NULL,14.8,14.8,NULL,北,0.7m/s,若潮,東北東 1.4m/s,晴れ後時々曇り,NULL,NULL,NULL,午前テンヤ真鯛船 (2隻の高低差) 2号船、ちょっと南で 真鯛フィーバー！！ 2、０キロ 1、７キロ 1、７キロ 1、5キロ 1、3キロ 1、3キロ 1、2キロ 1、１キロ 1、１キロ 1、0キロ 0、9キロ 0、８キロ 0、８キロ 0、７キロ 0、６キロ。 おめでとうございま～す！！ 他にも、 外道が多彩に掛かり お土産になり、よかったです！ お疲れさまでした。,14.8℃,NULL,chowari/宗和丸
宗和丸,鹿嶋新港,2026/03/29,1,0,ハタ,ハタ,サブ,ハタ,NULL,0.0,2.0,1.0,0,25.0,35.0,,,NULL,茨城県 鹿嶋市 鹿嶋新港,NULL,NULL,1,NULL,NULL,14.8,14.8,NULL,北,0.7m/s,若潮,東北東 1.4m/s,晴れ後時々曇り,NULL,NULL,NULL,午前テンヤ真鯛船 (2隻の高低差) 2号船、ちょっと南で 真鯛フィーバー！！ 2、０キロ 1、７キロ 1、７キロ 1、5キロ 1、3キロ 1、3キロ 1、2キロ 1、１キロ 1、１キロ 1、0キロ 0、9キロ 0、８キロ 0、８キロ 0、７キロ 0、６キロ。 おめでとうございま～す！！ 他にも、 外道が多彩に掛かり お土産になり、よかったです！ お疲れさまでした。,14.8℃,NULL,chowari/宗和丸
宗和丸,鹿嶋新港,2026/03/29,1,0,ハナダイ,ハナダイ,サブ,ハナダイ,NULL,0.0,1.0,0.5,0,,,0.4,0.6,NULL,茨城県 鹿嶋市 鹿嶋新港,NULL,NULL,1,NULL,NULL,14.8,14.8,NULL,北,0.7m/s,若潮,東北東 1.4m/s,晴れ後時々曇り,NULL,NULL,NULL,午前テンヤ真鯛船 (2隻の高低差) 2号船、ちょっと南で 真鯛フィーバー！！ 2、０キロ 1、７キロ 1、７キロ 1、5キロ 1、3キロ 1、3キロ 1、2キロ 1、１キロ 1、１キロ 1、0キロ 0、9キロ 0、８キロ 0、８キロ 0、７キロ 0、６キロ。 おめでとうございま～す！！ 他にも、 外道が多彩に掛かり お土産になり、よかったです！ お疲れさまでした。,14.8℃,NULL,chowari/宗和丸
宗和丸,鹿嶋新港,2026/03/29,1,0,ホウボウ,ホウボウ,サブ,ホウボウ,NULL,0.0,2.0,1.0,0,25.0,40.0,,,NULL,茨城県 鹿嶋市 鹿嶋新港,NULL,NULL,1,NULL,NULL,14.8,14.8,NULL,北,0.7m/s,若潮,東北東 1.4m/s,晴れ後時々曇り,NULL,NULL,NULL,午前テンヤ真鯛船 (2隻の高低差) 2号船、ちょっと南で 真鯛フィーバー！！ 2、０キロ 1、７キロ 1、７キロ 1、5キロ 1、3キロ 1、3キロ 1、2キロ 1、１キロ 1、１キロ 1、0キロ 0、9キロ 0、８キロ 0、８キロ 0、７キロ 0、６キロ。 おめでとうございま～す！！ 他にも、 外道が多彩に掛かり お土産になり、よかったです！ お疲れさまでした。,14.8℃,NULL,chowari/宗和丸
宗和丸,鹿嶋新港,2026/03/29,1,0,マダイ,マダイ,メイン,マダイ,NULL,0.0,8.0,4.0,0,,,0.6,2.0,NULL,茨城県 鹿嶋市 鹿嶋新港,NULL,NULL,1,NULL,NULL,14.8,14.8,NULL,北,0.7m/s,若潮,東北東 1.4m/s,晴れ後時々曇り,"も,外道が多彩に掛かり,お土産になり・ガンゾウビラメ・ハタ・ハナダイ・ホウボウ・メバル",NULL,NULL,午前テンヤ真鯛船 (2隻の高低差) 2号船、ちょっと南で 真鯛フィーバー！！ 2、０キロ 1、７キロ 1、７キロ 1、5キロ 1、3キロ 1、3キロ 1、2キロ 1、１キロ 1、１キロ 1、0キロ 0、9キロ 0、８キロ 0、８キロ 0、７キロ 0、６キロ。 おめでとうございま～す！！ 他にも、 外道が多彩に掛かり お土産になり、よかったです！ お疲れさまでした。,14.8℃,NULL,chowari/宗和丸
宗和丸,鹿嶋新港,2026/03/29,1,0,メバル,メバル,サブ,メバル,NULL,0.0,6.0,3.0,0,25.0,27.0,,,NULL,茨城県 鹿嶋市 鹿嶋新港,NULL,NULL,1,NULL,NULL,14.8,14.8,NULL,北,0.7m/s,若潮,東北東 1.4m/s,晴れ後時々曇り,NULL,NULL,NULL,午前テンヤ真鯛船 (2隻の高低差) 2号船、ちょっと南で 真鯛フィーバー！！ 2、０キロ 1、７キロ 1、７キロ 1、5キロ 1、3キロ 1、3キロ 1、2キロ 1、１キロ 1、１キロ 1、0キロ 0、9キロ 0、８キロ 0、８キロ 0、７キロ 0、６キロ。 おめでとうございま～す！！ 他にも、 外道が多彩に掛かり お土産になり、よかったです！ お疲れさまでした。,14.8℃,NULL,chowari/宗和丸
宗和丸,鹿嶋新港,2026/03/30,1,0,イナダ,イナダ,サブ,イナダ,NULL,1.0,1.0,1.0,0,45.0,45.0,,,NULL,茨城県 鹿嶋市 鹿嶋新港,NULL,NULL,1,NULL,NULL,14.9,14.9,NULL,北,2.2m/s,中潮,東北東 1.5m/s・うねり,曇り時々晴れ,NULL,NULL,NULL,午前テンヤ真鯛船 昨日釣れたポイントを 狙いましたが 予報以上に、 海上、強風、うねりで 釣りづらく、苦戦致しました。,14.9℃,NULL,chowari/宗和丸
宗和丸,鹿嶋新港,2026/03/30,1,0,ショウサイフグ,ショウサイフグ,サブ,ショウサイフグ,NULL,1.0,1.0,1.0,0,20.0,20.0,,,NULL,茨城県 鹿嶋市 鹿嶋新港,NULL,NULL,1,NULL,NULL,14.9,14.9,NULL,北,2.2m/s,中潮,東北東 1.5m/s・うねり,曇り時々晴れ,NULL,NULL,NULL,午前テンヤ真鯛船 昨日釣れたポイントを 狙いましたが 予報以上に、 海上、強風、うねりで 釣りづらく、苦戦致しました。,14.9℃,NULL,chowari/宗和丸
宗和丸,鹿嶋新港,2026/03/30,1,0,トラフグ,トラフグ,サブ,トラフグ,NULL,1.0,1.0,1.0,0,,,1.5,1.5,NULL,茨城県 鹿嶋市 鹿嶋新港,NULL,NULL,1,NULL,NULL,14.9,14.9,NULL,北,2.2m/s,中潮,東北東 1.5m/s・うねり,曇り時々晴れ,NULL,NULL,NULL,午前テンヤ真鯛船 昨日釣れたポイントを 狙いましたが 予報以上に、 海上、強風、うねりで 釣りづらく、苦戦致しました。,14.9℃,NULL,chowari/宗和丸
宗和丸,鹿嶋新港,2026/03/30,1,0,ホウボウ,ホウボウ,サブ,ホウボウ,NULL,0.0,2.0,1.0,0,25.0,35.0,,,NULL,茨城県 鹿嶋市 鹿嶋新港,NULL,NULL,1,NULL,NULL,14.9,14.9,NULL,北,2.2m/s,中潮,東北東 1.5m/s・うねり,曇り時々晴れ,NULL,NULL,NULL,午前テンヤ真鯛船 昨日釣れたポイントを 狙いましたが 予報以上に、 海上、強風、うねりで 釣りづらく、苦戦致しました。,14.9℃,NULL,chowari/宗和丸
宗和丸,鹿嶋新港,2026/03/30,1,0,マダイ,マダイ,メイン,マダイ,NULL,1.0,1.0,1.0,0,,,1.2,1.2,NULL,茨城県 鹿嶋市 鹿嶋新港,NULL,NULL,1,NULL,NULL,14.9,14.9,NULL,北,2.2m/s,中潮,東北東 1.5m/s・うねり,曇り時々晴れ,イナダ・ショウサイフグ・トラフグ・ホウボウ,NULL,NULL,午前テンヤ真鯛船 昨日釣れたポイントを 狙いましたが 予報以上に、 海上、強風、うねりで 釣りづらく、苦戦致しました。,14.9℃,NULL,chowari/宗和丸
愛正丸,葉山町葉山鐙摺港,2026/03/20,1,0,アジ,アジ,メイン,アジ,NULL,6.0,32.0,19.0,0,20.0,40.0,,,NULL,神奈川県 三浦郡葉山町 葉山鐙摺港,NULL,NULL,1,NULL,NULL,12.4,12.4,NULL,北東,3.8m/s,大潮,南 0.6m/s・ベタ凪,曇りのち時々晴れ,,NULL,NULL,復活のツボヤキ！～ウイルス退治の次は、デカアジ退治だ！～ ? 皆様、大変お待たせいたしました！ 16日から18日までの3日間、「ｇｙｏ」のサイトがまさかの「ウイルス攻撃」に遭い、サーバーが完全沈黙。更新を楽しみにしてくださっていた皆様には、ご不便とご心配をおかけしました。 ?犯人のウイルスには「お前の仕掛けには一生魚は食いつかんぞ！」と念を送っておきましたが、ようやく無事に復旧いたしました。今日からまた、船頭の独り言（ツボヤキ）にお付き合いください。 ? 本日（20日）の海況：海はベタ凪、心はウキウキ ?さて、肝心の海の状態ですが、今日は「これぞ釣り日和！」という最高のコンディション。 予報では北風が心配されま,12.4℃,NULL,chowari/愛正丸
愛正丸,葉山町葉山鐙摺港,2026/03/21,1,0,アジ,アジ,メイン,アジ,NULL,7.0,35.0,21.0,0,20.0,40.0,,,NULL,神奈川県 三浦郡葉山町 葉山鐙摺港,NULL,NULL,1,NULL,NULL,12.6,12.6,NULL,北北東,6.9m/s,中潮,南南西 0.5m/s・ベタ凪,晴れ,,NULL,NULL,2026年3月21日：海も機嫌も好調！デカアジ祭りの巻 皆さん、お疲れ様です！本日21日は朝から雲一つない快晴。朝方に少し吹いていた風も「おっと、今日は邪魔しちゃいけないな」と言わんばかりに早々に退散。日中は南の微風で、海面は鏡のようなベタ凪！まさに「釣ってください」と言わんばかりの絶好のコンディションで出船できました。 本日の釣行ダイジェスト 今日のアジ五目船、最初はいつもの浅場から様子見スタート。 「とりあえず朝飯代わりのベイトアジ・中アジでも…」なんて思ってましたが、どうも魚たちの食い気がシャキッとしない。ということで、物足りないベイトでしたが「はい、移動！」と見切りをつけて少し沖のポイントへ。 ?,12.6℃,NULL,chowari/愛正丸
愛正丸,葉山町葉山鐙摺港,2026/03/21,2,0,キンメ,キンメダイ,メイン,キンメ,NULL,1.0,8.0,4.5,0,30.0,42.0,,,NULL,神奈川県 三浦郡葉山町 葉山鐙摺港,NULL,NULL,1,NULL,NULL,12.6,12.6,NULL,北北東,6.9m/s,中潮,南南西 0.5m/s,晴れ,クロムツ,NULL,NULL,サーバーがウィルス攻撃に遭い停止していましたが、ようやく復旧して、今日21日から更新再開しました!ご迷惑おかけしました（泣）今日も沖の瀬に出船し、１日ポツポツ当たり出て、皆さんお土産出来ました！キンメ1～8枚30～42cm！クロムツ0～5尾40～50cm！他メダイにスミヤキにアコウダイも浮上！そして、デカムツ2～3kgが船中12本浮上！連日のデカムツ。今迄経験が無い位に盛り上がってます。（笑）明日22日もご予約頂き出船して行きますので、皆様からのエントリーお待ちしてます！,12.6℃,NULL,chowari/愛正丸
愛正丸,葉山町葉山鐙摺港,2026/03/21,2,0,クロムツ,クロムツ,サブ,クロムツ,NULL,0.0,5.0,2.5,0,40.0,50.0,,,NULL,神奈川県 三浦郡葉山町 葉山鐙摺港,NULL,NULL,1,NULL,NULL,12.6,12.6,NULL,北北東,6.9m/s,中潮,南南西 0.5m/s,晴れ,NULL,NULL,NULL,サーバーがウィルス攻撃に遭い停止していましたが、ようやく復旧して、今日21日から更新再開しました!ご迷惑おかけしました（泣）今日も沖の瀬に出船し、１日ポツポツ当たり出て、皆さんお土産出来ました！キンメ1～8枚30～42cm！クロムツ0～5尾40～50cm！他メダイにスミヤキにアコウダイも浮上！そして、デカムツ2～3kgが船中12本浮上！連日のデカムツ。今迄経験が無い位に盛り上がってます。（笑）明日22日もご予約頂き出船して行きますので、皆様からのエントリーお待ちしてます！,12.6℃,NULL,chowari/愛正丸
愛正丸,葉山町葉山鐙摺港,2026/03/22,1,0,アマダイ,アマダイ,メイン,アマダイ,NULL,0.0,4.0,2.0,0,25.0,45.0,,,NULL,神奈川県 三浦郡葉山町 葉山鐙摺港,NULL,NULL,1,NULL,NULL,12.6,12.6,NULL,北,3.8m/s,中潮,南 0.2m/s,晴れ後時々曇り,,NULL,NULL,本日は深場を中心に狙って出船いたしました。 良型の甘鯛（45cm）を筆頭に、キダイ、トラギス、ヒメコ、アラなど多彩な魚種が顔を見せてくれました。 潮の流れも程よく効いており、流しごとにポツポツとアタリが続くまずまずのコンディション。終日を通して楽しめる一日となりました。 今後も状況に応じてポイントを見極め、好釣果目指してご案内いたします。皆様のご乗船をお待ちしております,12.6℃,NULL,chowari/愛正丸
愛正丸,葉山町葉山鐙摺港,2026/03/24,1,0,アジ,アジ,メイン,アジ,NULL,21.0,38.0,29.5,0,25.0,40.0,,,NULL,城ヶ島沖,NULL,NULL,1,NULL,NULL,13.0,13.0,NULL,北東,6.5m/s,中潮,南南東 0.6m/s・ベタ凪,晴れ後時々曇り,カンコ・ワラサ,NULL,NULL,デカアジ祭りと「最後に笑う」ワラサの巻 ? 皆さん、お疲れさんです！船頭です。 今日の海は、朝方は北風が「おっとっと」って感じで吹いてましたが、昼にはすっかり大人しくなって、午後はもう鏡のようなベタ凪。海も私の心も（？）穏やかな一日でした。 ? 本日の釣行ハイライト ?まずはアジ五目船の様子から。 朝イチは浅場で中アジと、後の「お楽しみ」のためのベイトアジ（泳がせ用のエサ）をサクッと確保。そこから気合を入れて城ヶ島沖へ船を走らせました。 ?デカアジの猛攻！ ポイントに着くと、魚探にはビッシリと良い反応。「これはいけるぞ」と仕掛けを落とせば、すぐに良型アジが顔を見せてくれました。…が、最初は食いがいまひとつ,13.0℃,NULL,chowari/愛正丸
愛正丸,葉山町葉山鐙摺港,2026/03/24,1,0,カンコ,カンコ,サブ,カンコ,NULL,0.0,2.0,1.0,0,28.0,35.0,,,NULL,城ヶ島沖,NULL,NULL,1,NULL,NULL,13.0,13.0,NULL,北東,6.5m/s,中潮,南南東 0.6m/s・ベタ凪,晴れ後時々曇り,NULL,NULL,NULL,デカアジ祭りと「最後に笑う」ワラサの巻 ? 皆さん、お疲れさんです！船頭です。 今日の海は、朝方は北風が「おっとっと」って感じで吹いてましたが、昼にはすっかり大人しくなって、午後はもう鏡のようなベタ凪。海も私の心も（？）穏やかな一日でした。 ? 本日の釣行ハイライト ?まずはアジ五目船の様子から。 朝イチは浅場で中アジと、後の「お楽しみ」のためのベイトアジ（泳がせ用のエサ）をサクッと確保。そこから気合を入れて城ヶ島沖へ船を走らせました。 ?デカアジの猛攻！ ポイントに着くと、魚探にはビッシリと良い反応。「これはいけるぞ」と仕掛けを落とせば、すぐに良型アジが顔を見せてくれました。…が、最初は食いがいまひとつ,13.0℃,NULL,chowari/愛正丸
愛正丸,葉山町葉山鐙摺港,2026/03/24,1,0,ワラサ,ワラサ,サブ,ワラサ,NULL,1.0,1.0,1.0,0,,,4.7,4.7,NULL,城ヶ島沖,NULL,NULL,1,NULL,NULL,13.0,13.0,NULL,北東,6.5m/s,中潮,南南東 0.6m/s・ベタ凪,晴れ後時々曇り,NULL,NULL,NULL,デカアジ祭りと「最後に笑う」ワラサの巻 ? 皆さん、お疲れさんです！船頭です。 今日の海は、朝方は北風が「おっとっと」って感じで吹いてましたが、昼にはすっかり大人しくなって、午後はもう鏡のようなベタ凪。海も私の心も（？）穏やかな一日でした。 ? 本日の釣行ハイライト ?まずはアジ五目船の様子から。 朝イチは浅場で中アジと、後の「お楽しみ」のためのベイトアジ（泳がせ用のエサ）をサクッと確保。そこから気合を入れて城ヶ島沖へ船を走らせました。 ?デカアジの猛攻！ ポイントに着くと、魚探にはビッシリと良い反応。「これはいけるぞ」と仕掛けを落とせば、すぐに良型アジが顔を見せてくれました。…が、最初は食いがいまひとつ,13.0℃,NULL,chowari/愛正丸
愛正丸,葉山町葉山鐙摺港,2026/03/24,2,0,アマダイ,アマダイ,メイン,アマダイ,NULL,1.0,3.0,2.0,0,23.0,32.0,,,NULL,神奈川県 三浦郡葉山町 葉山鐙摺港,NULL,NULL,1,NULL,NULL,13.0,13.0,NULL,北東,6.5m/s,中潮,南南東 0.6m/s,晴れ後時々曇り,,NULL,NULL,本日は朝一番、浅場を中心に攻めてみました。潮も程よく動き、白甘鯛をはじめ、イトヨリやハナダイなどが顔を見せ、幸先の良いスタートとなりました。 その後は深場へ移動。こちらでは本命の甘鯛に加え、アラ、ホウボウ、ヒメコ、トラギス、バラゴチと多彩な魚種がヒットし、終日アタリが途切れず楽しめる一日となりました。 浅場・深場ともに魚影濃く、今後も期待できそうです。明日以降のご乗船もお待ちしております。,13.0℃,NULL,chowari/愛正丸
愛正丸,葉山町葉山鐙摺港,2026/03/25,1,0,アジ,アジ,メイン,アジ,NULL,23.0,35.0,29.0,0,25.0,40.0,,,NULL,神奈川県 三浦郡葉山町 葉山鐙摺港,NULL,NULL,1,NULL,NULL,13.1,13.1,NULL,南東,1.4m/s,小潮,南 0.4m/s・ウネリ,雨,,NULL,NULL,2026年3月25日（水）「予報のウソつき！と、デカアジの恩返し」 いやはや、参りました。 当初の予報じゃ「雨は午後から、なんなら夕方から」なんて余裕をぶっこいてたんですが、いざポイントへ船を走らせてみれば、早くも空から「様子見」のパラパラ雨。 「おいおい、気が早いよ」なんて苦笑いしてたのも束の間、一旦止んだかと思いきや、予報を大幅に前倒しして本降りに。結局、カッパを脱ぐ暇もないまま、納竿まで雨に打たれる一日になっちゃいました。風が穏やかだったのがせめてもの救いですが、ウネリもしっかりあって、なかなかにタフなコンディション。修行のような一日、皆様本当にお疲れ様でした。 本日の釣果まとめ：嬉しい誤算と入,13.1℃,NULL,chowari/愛正丸
愛正丸,葉山町葉山鐙摺港,2026/03/27,1,0,アマダイ,アマダイ,メイン,アマダイ,NULL,0.0,3.0,1.5,0,25.0,50.0,,,NULL,神奈川県 三浦郡葉山町 葉山鐙摺港,NULL,NULL,1,NULL,NULL,12.9,12.9,NULL,北,4.1m/s,小潮,南南東 0.6m/s,晴れ後一時雨,,NULL,NULL,本日は浅場狙いからスタート。 潮も程よく流れ、白甘鯛をはじめ、イトヨリ、ホウボウといった高級魚が顔を見せ、序盤から雰囲気良好。外道交じりながらもポツポツと拾え、まずまずの滑り出しとなりました。 後半は深場へ移動。 こちらでは良型中心にヒットし、50cm級の甘鯛を筆頭に、アラ、ホウボウ、ヒメコ、トラギスなど魚種多彩。特に甘鯛はサイズ・内容ともに申し分なく、見応え十分の釣果となりました。 一日を通してアタリはあり、浅場・深場ともに楽しめる内容でした。 明日も出船予定です。ご予約お待ちしております！,12.9℃,NULL,chowari/愛正丸
愛正丸,葉山町葉山鐙摺港,2026/03/28,1,0,アジ,アジ,メイン,アジ,NULL,11.0,37.0,24.0,0,25.0,40.0,,,NULL,神奈川県 三浦郡葉山町 葉山鐙摺港,NULL,NULL,1,NULL,NULL,12.9,12.9,普通,北,4.0m/s,長潮,南 0.2m/s・ベタ凪,曇り時々晴れ,,NULL,NULL,船頭のつぶやき：デカアジ祭り、時々「逃した魚は…」 皆さん、お疲れ様です！ 今日28日は、朝から「これぞ釣り日和！」という見事な快晴。風もソヨソヨ、海は鏡のようなベタ凪で、最高のコンディションの中、船を出すことができました。 さて、今日のアジ五目船の様子を少し。 贅沢すぎる悩み？デカすぎて困るんです まずは浅場の根回りからスタート。 「さあ、まずはエサ用のベイトアジをサクッと釣るぞ！」と意気込んで仕掛けを落としたのですが……上がってくるのは、丸々と太った**「デカアジ」！そして、さらには「デカサバ」**！ 普通なら「大漁だ！」と万歳三唱するところですが、今日の目的は泳がせ釣りのためのベイト確保。 「君らじ,12.9℃,NULL,chowari/愛正丸
愛正丸,葉山町葉山鐙摺港,2026/03/28,2,0,アマダイ,アマダイ,メイン,アマダイ,NULL,3.0,4.0,3.5,0,25.0,40.0,,,NULL,神奈川県 三浦郡葉山町 葉山鐙摺港,NULL,NULL,1,NULL,NULL,12.9,12.9,NULL,北,4.0m/s,長潮,南 0.2m/s,曇り時々晴れ,,NULL,NULL,本日は浅場狙いからスタート。 白甘鯛やトラギスなどが顔を見せてくれましたが、全体的にはやや落ち着いた様子。それでも本命はしっかり確認でき、雰囲気はまずまずといったところでした。 後半は深場へ移動。 甘鯛は40cm級の良型が上がり、ヒメコ、トラギス、カサゴなども交じりました。甘鯛のアタリ自体は比較的活発で、狙いとしては楽しめる展開。ただし外道の食いはやや渋く、数は伸び悩む印象でした。 一日を通して本命の反応は良好でしたので、今後にも期待できそうです。 明日も出船予定です。ご予約お待ちしております。,12.9℃,NULL,chowari/愛正丸
愛正丸,葉山町葉山鐙摺港,2026/03/29,1,0,アジ,アジ,メイン,アジ,NULL,10.0,39.0,24.5,0,25.0,54.0,,,NULL,神奈川県 三浦郡葉山町 葉山鐙摺港,NULL,NULL,1,NULL,NULL,13.1,13.1,NULL,南南東,0.4m/s,若潮,南 0.2m/s・ベタ凪,晴れ後時々曇り,マダイ,NULL,NULL,凪の皮を被った「隠れウネリ」に御用心??? 皆さん、お疲れ様船頭です！ 本日29日も朝から最高の快晴。 風は北から南へそよそよと吹く程度の微風で、海面だけ見れば「鏡のようなベタ凪」…のはずだったんですがね。 世の中、見た目に騙されちゃいけません。 パッと見は静かなのに、なんだかウネリは「あるような、無いような、いややっぱり微か～に揺れているような…」という、なんともツンデレなウネリが潜んでおりました。その微妙なリズムにやられてしまったか、3名ほど船酔いでダウン。 「凪だと思って油断した！」という声が聞こえてきそうですが、こればかりは自然の悪戯。体調万全で挑んでくださいね！ 本日の釣果ハイライト アジ五目船,13.1℃,NULL,chowari/愛正丸
愛正丸,葉山町葉山鐙摺港,2026/03/29,1,0,マダイ,マダイ,サブ,マダイ,NULL,1.0,1.0,1.0,0,,,4.7,4.7,NULL,神奈川県 三浦郡葉山町 葉山鐙摺港,NULL,NULL,1,NULL,NULL,13.1,13.1,NULL,南南東,0.4m/s,若潮,南 0.2m/s・ベタ凪,晴れ後時々曇り,NULL,NULL,NULL,凪の皮を被った「隠れウネリ」に御用心??? 皆さん、お疲れ様船頭です！ 本日29日も朝から最高の快晴。 風は北から南へそよそよと吹く程度の微風で、海面だけ見れば「鏡のようなベタ凪」…のはずだったんですがね。 世の中、見た目に騙されちゃいけません。 パッと見は静かなのに、なんだかウネリは「あるような、無いような、いややっぱり微か～に揺れているような…」という、なんともツンデレなウネリが潜んでおりました。その微妙なリズムにやられてしまったか、3名ほど船酔いでダウン。 「凪だと思って油断した！」という声が聞こえてきそうですが、こればかりは自然の悪戯。体調万全で挑んでくださいね！ 本日の釣果ハイライト アジ五目船,13.1℃,NULL,chowari/愛正丸
愛正丸,葉山町葉山鐙摺港,2026/03/29,2,0,アマダイ,アマダイ,メイン,アマダイ,NULL,0.0,3.0,1.5,0,25.0,42.0,,,NULL,神奈川県 三浦郡葉山町 葉山鐙摺港,NULL,NULL,1,NULL,NULL,13.1,13.1,NULL,南南東,0.4m/s,若潮,南 0.2m/s,晴れ後時々曇り,,NULL,NULL,本日は深場狙いで出船いたしました。 甘鯛をはじめ、ヒメコ、トラギス、アジなどが顔を見せてくれましたが、全体的に潮の流れが緩く、船を流せる範囲が限られたため、ポイントを広く探れずアタリはやや少なめとなりました。 それでも拾い釣りながらポツポツと本命が上がり、お土産は確保。潮さえ動けば今後さらに期待できそうです。 本日もご乗船ありがとうございました。次回のご来船をお待ちしております。,13.1℃,NULL,chowari/愛正丸
打木屋釣船店,横浜港,2026/03/20,1,0,アジ,アジ,メイン,アジ,NULL,16.0,45.0,30.5,0,16.0,25.0,,,NULL,神奈川県 横浜市 横浜港新山下,NULL,NULL,1,NULL,NULL,12.4,12.4,NULL,北東,4.1m/s,大潮,東北東 0.2m/s,曇りのち時々晴れ,,NULL,NULL,午後LTアジ船の釣果。,12.4℃,NULL,chowari/打木屋釣船店
打木屋釣船店,横浜港,2026/03/21,1,0,シロギス,シロギス,メイン,シロギス,NULL,3.0,24.0,13.5,0,14.0,23.0,,,NULL,神奈川県 横浜市 横浜港新山下,NULL,NULL,1,NULL,NULL,12.6,12.6,NULL,北,7.3m/s,中潮,北北東 0.4m/s,晴れ,,NULL,NULL,午前シロギス船の釣果。,12.6℃,NULL,chowari/打木屋釣船店
打木屋釣船店,横浜港,2026/03/21,2,0,アジ,アジ,メイン,アジ,NULL,3.0,28.0,15.5,0,16.0,25.0,,,NULL,神奈川県 横浜市 横浜港新山下,NULL,NULL,1,NULL,NULL,12.6,12.6,NULL,北,7.3m/s,中潮,北北東 0.4m/s,晴れ,,NULL,NULL,午後LTアジ船の釣果。,12.6℃,NULL,chowari/打木屋釣船店
打木屋釣船店,横浜港,2026/03/21,3,0,アジ,アジ,メイン,アジ,NULL,8.0,36.0,22.0,0,18.0,26.0,,,NULL,神奈川県 横浜市 横浜港新山下,NULL,NULL,1,NULL,NULL,12.6,12.6,NULL,北,7.3m/s,中潮,北北東 0.4m/s,晴れ,,NULL,NULL,午前LTアジ船の釣果。,12.6℃,NULL,chowari/打木屋釣船店
打木屋釣船店,横浜港,2026/03/22,1,0,シロギス,シロギス,メイン,シロギス,NULL,13.0,43.0,28.0,0,14.0,23.0,,,NULL,神奈川県 横浜市 横浜港新山下,NULL,NULL,1,NULL,NULL,12.6,12.6,NULL,北,4.4m/s,中潮,北北東 0.2m/s,晴れ後時々曇り,,NULL,NULL,午前シロギス船の釣果。,12.6℃,NULL,chowari/打木屋釣船店
打木屋釣船店,横浜港,2026/03/22,2,0,アジ,アジ,メイン,アジ,NULL,1.0,17.0,9.0,0,18.0,26.0,,,NULL,神奈川県 横浜市 横浜港新山下,NULL,NULL,1,NULL,NULL,12.6,12.6,NULL,北,4.4m/s,中潮,北北東 0.2m/s,晴れ後時々曇り,,NULL,NULL,午前LTアジ船の釣果。,12.6℃,NULL,chowari/打木屋釣船店
打木屋釣船店,横浜港,2026/03/24,1,0,アジ,アジ,メイン,アジ,NULL,15.0,53.0,34.0,0,18.0,26.0,,,NULL,神奈川県 横浜市 横浜港新山下,NULL,NULL,1,NULL,NULL,13.0,13.0,NULL,北北東,6.6m/s,中潮,北東 0.4m/s,晴れ後時々曇り,,NULL,NULL,午前LTアジ船の釣果。,13.0℃,NULL,chowari/打木屋釣船店
打木屋釣船店,横浜港,2026/03/25,1,0,アジ,アジ,メイン,アジ,NULL,25.0,55.0,40.0,0,18.0,26.0,,,NULL,神奈川県 横浜市 横浜港新山下,NULL,NULL,1,NULL,NULL,13.1,13.1,NULL,北北東,1.6m/s,小潮,南東 0.2m/s,雨,,NULL,NULL,午前LTアジ船の釣果。,13.1℃,NULL,chowari/打木屋釣船店
打木屋釣船店,横浜港,2026/03/27,1,0,アジ,アジ,メイン,アジ,NULL,15.0,52.0,33.5,0,18.0,26.0,,,NULL,神奈川県 横浜市 横浜港新山下,NULL,NULL,1,NULL,NULL,12.9,12.9,NULL,北,4.1m/s,小潮,東 0.2m/s,晴れ後一時雨,,NULL,NULL,午前LTアジの釣果。,12.9℃,NULL,chowari/打木屋釣船店
打木屋釣船店,横浜港,2026/03/28,1,0,シロギス,シロギス,メイン,シロギス,NULL,8.0,36.0,22.0,0,14.0,23.0,,,NULL,神奈川県 横浜市 横浜港新山下,NULL,NULL,1,NULL,NULL,12.9,12.9,NULL,北,4.1m/s,長潮,北東 0.2m/s,曇り時々晴れ,,NULL,NULL,午前シロギス船の釣果。,12.9℃,NULL,chowari/打木屋釣船店
打木屋釣船店,横浜港,2026/03/28,2,0,アジ,アジ,メイン,アジ,NULL,12.0,31.0,21.5,0,16.0,25.0,,,NULL,神奈川県 横浜市 横浜港新山下,NULL,NULL,1,NULL,NULL,12.9,12.9,NULL,北,4.1m/s,長潮,北東 0.2m/s,曇り時々晴れ,,NULL,NULL,午後LTアジ船の釣果。,12.9℃,NULL,chowari/打木屋釣船店
打木屋釣船店,横浜港,2026/03/29,1,0,アジ,アジ,メイン,アジ,NULL,7.0,45.0,26.0,0,16.0,25.0,,,NULL,神奈川県 横浜市 横浜港新山下,NULL,NULL,1,NULL,NULL,13.1,13.1,NULL,北東,0.7m/s,若潮,南南東 0.2m/s,晴れ後時々曇り,,NULL,NULL,午後LTアジ船の釣果。,13.1℃,NULL,chowari/打木屋釣船店
打木屋釣船店,横浜港,2026/03/29,2,0,アジ,アジ,メイン,アジ,NULL,5.0,33.0,19.0,0,18.0,26.0,,,NULL,神奈川県 横浜市 横浜港新山下,NULL,NULL,1,NULL,NULL,13.1,13.1,NULL,北東,0.7m/s,若潮,南南東 0.2m/s,晴れ後時々曇り,,NULL,NULL,午前LTアジ船の釣果。,13.1℃,NULL,chowari/打木屋釣船店
打木屋釣船店,横浜港,2026/03/30,1,0,アジ,アジ,メイン,アジ,NULL,15.0,55.0,35.0,0,18.0,26.0,,,NULL,神奈川県 横浜市 横浜港新山下,NULL,NULL,1,NULL,NULL,13.3,13.3,NULL,北北東,2.3m/s,中潮,北東 0.2m/s,晴れ時々曇り,,NULL,NULL,午前LTアジ船の釣果。,13.3℃,NULL,chowari/打木屋釣船店
権助丸,松崎町松崎港,2026/03/21,1,0,ハナダイ,ハナダイ,サブ,ハナダイ,NULL,,,,0,,,,,NULL,静岡県 賀茂郡松崎町 松崎港,NULL,NULL,1,NULL,NULL,15.5,15.5,NULL,東,2.9m/s,中潮,西南西 0.4m/s,晴れ,NULL,NULL,NULL,（３/２１）コマセ真鯛五目（一日乗合船） 今日もコマセ真鯛五目！ 昨日より潮が濁っており、春の潮に 近づいて来たかな？ 船中６打数５安打で、シーズン前にしてはまずまず！ ハリス切れ有り！ 後半はスリル満点、大鯵狙い。 やはり４０ｃｍの壁が高い…。 尺～４０ｃｍ手前サイズ揃い！ 水温１５．０～１５．２℃。 マダイ０．８～１．７ｋｇ１人/０～２船中５枚。 マアジ２８～３９．７ｃｍ１人/１５～２０？匹。 他・・ハナダイ。,15.5℃,NULL,chowari/権助丸
権助丸,松崎町松崎港,2026/03/21,1,0,マアジ,アジ,サブ,マアジ,NULL,15.0,20.0,17.5,0,28.0,40.0,,,NULL,静岡県 賀茂郡松崎町 松崎港,NULL,NULL,1,NULL,NULL,15.5,15.5,NULL,東,2.9m/s,中潮,西南西 0.4m/s,晴れ,NULL,NULL,NULL,（３/２１）コマセ真鯛五目（一日乗合船） 今日もコマセ真鯛五目！ 昨日より潮が濁っており、春の潮に 近づいて来たかな？ 船中６打数５安打で、シーズン前にしてはまずまず！ ハリス切れ有り！ 後半はスリル満点、大鯵狙い。 やはり４０ｃｍの壁が高い…。 尺～４０ｃｍ手前サイズ揃い！ 水温１５．０～１５．２℃。 マダイ０．８～１．７ｋｇ１人/０～２船中５枚。 マアジ２８～３９．７ｃｍ１人/１５～２０？匹。 他・・ハナダイ。,15.5℃,NULL,chowari/権助丸
権助丸,松崎町松崎港,2026/03/21,1,0,マダイ,マダイ,メイン,マダイ,NULL,0.0,2.0,1.0,0,,,0.8,1.7,NULL,静岡県 賀茂郡松崎町 松崎港,NULL,NULL,1,NULL,NULL,15.5,15.5,NULL,東,2.9m/s,中潮,西南西 0.4m/s,晴れ,ハナダイ・マアジ,NULL,NULL,（３/２１）コマセ真鯛五目（一日乗合船） 今日もコマセ真鯛五目！ 昨日より潮が濁っており、春の潮に 近づいて来たかな？ 船中６打数５安打で、シーズン前にしてはまずまず！ ハリス切れ有り！ 後半はスリル満点、大鯵狙い。 やはり４０ｃｍの壁が高い…。 尺～４０ｃｍ手前サイズ揃い！ 水温１５．０～１５．２℃。 マダイ０．８～１．７ｋｇ１人/０～２船中５枚。 マアジ２８～３９．７ｃｍ１人/１５～２０？匹。 他・・ハナダイ。,15.5℃,NULL,chowari/権助丸
権助丸,松崎町松崎港,2026/03/23,1,0,スルメイカ,スルメイカ,メイン,スルメイカ,NULL,8.0,80.0,44.0,0,,,,,NULL,静岡県 賀茂郡松崎町 松崎港,NULL,NULL,1,NULL,NULL,15.5,15.5,NULL,北北東,2.1m/s,中潮,南南西 0.2m/s,曇りのち時々晴れ,,NULL,NULL,(3/23)近場スルメイカ(一日乗合船) &#8289; シトシトと、しぶとい雨の中頑張って頂きました。 中々反応が高くならず、やや苦戦気味でしたが ポツポツと拾い、時折多点掛けも。 本日は最大8点掛け。 &#8289; レンタルの方も大健闘の日でした。 &#8289; 水温15.0℃。 &#8289; スルメイカ1人/8~80杯。,15.5℃,NULL,chowari/権助丸
権助丸,松崎町松崎港,2026/03/24,1,0,スルメイカ,スルメイカ,メイン,スルメイカ,NULL,54.0,100.0,77.0,0,,,,,NULL,静岡県 賀茂郡松崎町 松崎港,NULL,NULL,1,NULL,NULL,15.7,15.7,NULL,東北東,2.6m/s,中潮,南西 0.3m/s,晴れ後時々曇り,,NULL,NULL,（３/２４）近場スルメイカ船。 カラもありましたが、ベタ底反応も乗りは悪くなく 少し持ち上がるとバリバリッと！ ２名が束（１００杯）！ トラブルなければ束越え確定でした…。 チェリーも複数回あり、激熱モード継続中！ 水温１５．０。 スルメイカ１人/５４～１００杯。 &#8289;,15.7℃,NULL,chowari/権助丸
権助丸,松崎町松崎港,2026/03/25,1,0,イナワラ,NULL,サブ,イナワラ,NULL,,,,0,,,2.7,2.7,NULL,静岡県 賀茂郡松崎町 松崎港,NULL,NULL,1,NULL,NULL,15.8,15.8,NULL,東南東,3.8m/s,小潮・二枚潮,南南西 0.2m/s,雨,NULL,NULL,NULL,常連さん達と春真鯛のコマシ込み〈魁隊〉へ！ 雨陽気だからか、水温下がり モリモリ反応でも中々口使ってくれませんでした。 当たる人は８打数６安打！ 中盤１時間だけ大鯵！ 二枚潮キツく、テクニカル過ぎました。 水温１４．６℃。 マダイ０．８～１．７ｋｇ１人/１～６船中７枚。 マアジ３１～３６．６ｃｍ１人/１０匹前後。 イナワラ２．７ｋｇ船中１本。,15.8℃,NULL,chowari/権助丸
権助丸,松崎町松崎港,2026/03/25,1,0,マアジ,アジ,サブ,マアジ,NULL,10.0,10.0,10.0,0,31.0,37.0,,,NULL,静岡県 賀茂郡松崎町 松崎港,NULL,NULL,1,NULL,NULL,15.8,15.8,NULL,東南東,3.8m/s,小潮・二枚潮,南南西 0.2m/s,雨,NULL,NULL,NULL,常連さん達と春真鯛のコマシ込み〈魁隊〉へ！ 雨陽気だからか、水温下がり モリモリ反応でも中々口使ってくれませんでした。 当たる人は８打数６安打！ 中盤１時間だけ大鯵！ 二枚潮キツく、テクニカル過ぎました。 水温１４．６℃。 マダイ０．８～１．７ｋｇ１人/１～６船中７枚。 マアジ３１～３６．６ｃｍ１人/１０匹前後。 イナワラ２．７ｋｇ船中１本。,15.8℃,NULL,chowari/権助丸
権助丸,松崎町松崎港,2026/03/25,1,0,マダイ,マダイ,メイン,マダイ,NULL,1.0,6.0,3.5,0,,,0.8,1.7,NULL,静岡県 賀茂郡松崎町 松崎港,NULL,NULL,1,NULL,NULL,15.8,15.8,NULL,東南東,3.8m/s,小潮・二枚潮,南南西 0.2m/s,雨,イナワラ・マアジ,NULL,NULL,常連さん達と春真鯛のコマシ込み〈魁隊〉へ！ 雨陽気だからか、水温下がり モリモリ反応でも中々口使ってくれませんでした。 当たる人は８打数６安打！ 中盤１時間だけ大鯵！ 二枚潮キツく、テクニカル過ぎました。 水温１４．６℃。 マダイ０．８～１．７ｋｇ１人/１～６船中７枚。 マアジ３１～３６．６ｃｍ１人/１０匹前後。 イナワラ２．７ｋｇ船中１本。,15.8℃,NULL,chowari/権助丸
権助丸,松崎町松崎港,2026/03/27,1,0,スルメイカ,スルメイカ,メイン,スルメイカ,NULL,25.0,66.0,45.5,0,,,,,NULL,静岡県 賀茂郡松崎町 松崎港,NULL,NULL,1,NULL,NULL,15.8,15.8,NULL,北東,2.1m/s,小潮,南西 0.3m/s,晴れ時々曇り,,NULL,NULL,朝イチから良い反応あるものの イカの元気、やる気なく、付いても１～２杯。 後半ようやく潮動き出し、薄い反応でもバリっと！ 本日最大８点掛け、チェリー１回！ 水温１５．０℃。 スルメイカ１人/２５～６６杯。,15.8℃,NULL,chowari/権助丸
権助丸,松崎町松崎港,2026/03/29,1,0,スルメイカ,スルメイカ,メイン,スルメイカ,NULL,48.0,73.0,60.5,0,,,,,NULL,静岡県 賀茂郡松崎町 松崎港,NULL,NULL,1,NULL,NULL,15.9,15.9,NULL,西北西,0.9m/s,若潮,南西 0.2m/s,晴れ後時々曇り,,NULL,NULL,“しょんぼり会”二日目！ 空振りもそれなりにありましたが 朝からポチポチ拾え、後半から多点掛け増え 本日最大８～９点掛け！チェリー４回！ 皆さんワイワイと二日間楽しかったです！ 水温１６．０℃。 スルメイカ１人/４８～７３杯。,15.9℃,NULL,chowari/権助丸
権助丸,松崎町松崎港,2026/03/30,1,0,スルメイカ,スルメイカ,メイン,スルメイカ,NULL,17.0,57.0,37.0,0,,,,,NULL,静岡県 賀茂郡松崎町 松崎港,NULL,NULL,1,NULL,NULL,16.0,16.0,NULL,南東,1.9m/s,中潮,南西 0.2m/s,曇り一時雨,,NULL,NULL,今朝は大雨、雷で反応散らばり走り回り～！ 中盤かポチポチ拾い、後半は高い反応出始め 最大８点掛け！ １～２点掛け多く、中々数伸びませんでしたが 楽しめました！ 水温１６．２℃。 スルメイカ１人/１７～５７杯。,16.0℃,NULL,chowari/権助丸
海渡,富士市田子の浦漁港,2026/03/28,1,0,クロダイ,クロダイ,サブ,クロダイ,NULL,,,,0,,,,,NULL,静岡県 富士市 田子の浦漁港,NULL,NULL,1,NULL,NULL,15.9,15.9,NULL,東南東,0.6m/s,長潮,南南西 0.2m/s,晴れ後時々曇り,NULL,NULL,NULL,午前マダイ船、食い渋く、、 型見るのが精一杯でした。,15.9℃,NULL,chowari/海渡
海渡,富士市田子の浦漁港,2026/03/28,1,0,マダイ,マダイ,メイン,マダイ,NULL,0.0,3.0,1.5,0,,,0.5,1.1,NULL,静岡県 富士市 田子の浦漁港,NULL,NULL,1,NULL,NULL,15.9,15.9,NULL,東南東,0.6m/s,長潮,南南西 0.2m/s,晴れ後時々曇り,クロダイ,NULL,NULL,午前マダイ船、食い渋く、、 型見るのが精一杯でした。,15.9℃,NULL,chowari/海渡
深田家,佐島港,2026/03/23,1,0,アマダイ,アマダイ,メイン,アマダイ,NULL,0.0,3.0,1.5,0,17.0,35.0,,,NULL,神奈川県 横須賀市 佐島港,NULL,NULL,1,NULL,NULL,12.8,12.8,NULL,北,2.1m/s,中潮,南 0.3m/s,雨のち曇り,シロアマダイ・ホウボウ,NULL,NULL,アマダイ船、今日は仕立て船の釣果です、朝一はシロアマ狙いで顔は見ることができました。その後、はアマダイ狙いでやっていきましたが、アタリがあっても外道が多かったりバラシがあったりと釣果はのびませんでした。本日はありがとうございました。,12.8℃,NULL,chowari/深田家
深田家,佐島港,2026/03/23,1,0,シロアマダイ,シロアマダイ,サブ,シロアマダイ,NULL,,,,0,,,,,NULL,神奈川県 横須賀市 佐島港,NULL,NULL,1,NULL,NULL,12.8,12.8,NULL,北,2.1m/s,中潮,南 0.3m/s,雨のち曇り,NULL,NULL,NULL,アマダイ船、今日は仕立て船の釣果です、朝一はシロアマ狙いで顔は見ることができました。その後、はアマダイ狙いでやっていきましたが、アタリがあっても外道が多かったりバラシがあったりと釣果はのびませんでした。本日はありがとうございました。,12.8℃,NULL,chowari/深田家
深田家,佐島港,2026/03/23,1,0,ホウボウ,ホウボウ,サブ,ホウボウ,NULL,,,,0,,,,,NULL,神奈川県 横須賀市 佐島港,NULL,NULL,1,NULL,NULL,12.8,12.8,NULL,北,2.1m/s,中潮,南 0.3m/s,雨のち曇り,NULL,NULL,NULL,アマダイ船、今日は仕立て船の釣果です、朝一はシロアマ狙いで顔は見ることができました。その後、はアマダイ狙いでやっていきましたが、アタリがあっても外道が多かったりバラシがあったりと釣果はのびませんでした。本日はありがとうございました。,12.8℃,NULL,chowari/深田家
深田家,佐島港,2026/03/27,1,0,カサゴ,カサゴ,サブ,カサゴ,NULL,,,,0,,,,,NULL,神奈川県 横須賀市 佐島港,NULL,NULL,1,NULL,NULL,12.9,12.9,NULL,北,4.1m/s,小潮,南 0.6m/s,晴れ後一時雨,NULL,NULL,NULL,ヒラメ船、トップお二人で船中10匹でした。今日は大きいサイズは釣れませんでしたが、アタリもほどよくありヒラメはぽつぽつと顔を出してくれました。本日はありがとうございました。,12.9℃,NULL,chowari/深田家
深田家,佐島港,2026/03/27,1,0,ヒラメ,ヒラメ,メイン,ヒラメ,NULL,0.0,2.0,1.0,0,,,0.3,1.8,NULL,神奈川県 横須賀市 佐島港,NULL,NULL,1,NULL,NULL,12.9,12.9,NULL,北,4.1m/s,小潮,南 0.6m/s,晴れ後一時雨,カサゴ・マトウダイ,NULL,NULL,ヒラメ船、トップお二人で船中10匹でした。今日は大きいサイズは釣れませんでしたが、アタリもほどよくありヒラメはぽつぽつと顔を出してくれました。本日はありがとうございました。,12.9℃,NULL,chowari/深田家
深田家,佐島港,2026/03/27,1,0,ヒラメ,ヒラメ,サブ,ヒラメ,NULL,,,,0,,,,,NULL,神奈川県 横須賀市 佐島港,NULL,NULL,1,NULL,NULL,12.9,12.9,NULL,北,4.1m/s,小潮,南 0.6m/s,晴れ後一時雨,NULL,NULL,NULL,ヒラメ船、トップお二人で船中10匹でした。今日は大きいサイズは釣れませんでしたが、アタリもほどよくありヒラメはぽつぽつと顔を出してくれました。本日はありがとうございました。,12.9℃,NULL,chowari/深田家
深田家,佐島港,2026/03/27,1,0,マトウダイ,NULL,サブ,マトウダイ,NULL,,,,0,,,,,NULL,神奈川県 横須賀市 佐島港,NULL,NULL,1,NULL,NULL,12.9,12.9,NULL,北,4.1m/s,小潮,南 0.6m/s,晴れ後一時雨,NULL,NULL,NULL,ヒラメ船、トップお二人で船中10匹でした。今日は大きいサイズは釣れませんでしたが、アタリもほどよくありヒラメはぽつぽつと顔を出してくれました。本日はありがとうございました。,12.9℃,NULL,chowari/深田家
深田家,佐島港,2026/03/28,1,0,アマダイ,アマダイ,メイン,アマダイ,NULL,1.0,4.0,2.5,0,17.0,32.0,,,NULL,神奈川県 横須賀市 佐島港,NULL,NULL,1,NULL,NULL,12.9,12.9,NULL,北,4.0m/s,長潮,南 0.2m/s,曇り時々晴れ,カサゴ・レンコダイ,NULL,NULL,アマダイ船、アマダイはトップがお二人でした。今日は餌は良く取られていましたが、レンコダイなどの外道が多くアマダイはなかなか釣れませんでした。本日はありがとうございました。,12.9℃,NULL,chowari/深田家
深田家,佐島港,2026/03/28,1,0,カサゴ,カサゴ,サブ,カサゴ,NULL,,,,0,,,,,NULL,神奈川県 横須賀市 佐島港,NULL,NULL,1,NULL,NULL,12.9,12.9,NULL,北,4.0m/s,長潮,南 0.2m/s,曇り時々晴れ,NULL,NULL,NULL,アマダイ船、アマダイはトップがお二人でした。今日は餌は良く取られていましたが、レンコダイなどの外道が多くアマダイはなかなか釣れませんでした。本日はありがとうございました。,12.9℃,NULL,chowari/深田家
深田家,佐島港,2026/03/28,1,0,レンコダイ,NULL,サブ,レンコダイ,NULL,,,,0,,,,,NULL,神奈川県 横須賀市 佐島港,NULL,NULL,1,NULL,NULL,12.9,12.9,NULL,北,4.0m/s,長潮,南 0.2m/s,曇り時々晴れ,NULL,NULL,NULL,アマダイ船、アマダイはトップがお二人でした。今日は餌は良く取られていましたが、レンコダイなどの外道が多くアマダイはなかなか釣れませんでした。本日はありがとうございました。,12.9℃,NULL,chowari/深田家
深田家,佐島港,2026/03/29,1,0,ウツボ,NULL,サブ,ウツボ,NULL,,,,0,,,,,NULL,神奈川県 横須賀市 佐島港,NULL,NULL,1,NULL,NULL,13.1,13.1,NULL,南南東,0.4m/s,若潮,南 0.2m/s,晴れ後時々曇り,NULL,NULL,NULL,ヒラメ船、今日は前半は小魚反応が広く確認でき、アタリもありましたが、後半になると反応も少なくなりアタリも少なくなってしまいました。今日はダイナンウミヘビやウツボが多かったです。本日はありがとうございました。,13.1℃,NULL,chowari/深田家
深田家,佐島港,2026/03/29,1,0,ダイナンウミヘビ,NULL,サブ,ダイナンウミヘビ,NULL,,,,0,,,,,NULL,神奈川県 横須賀市 佐島港,NULL,NULL,1,NULL,NULL,13.1,13.1,NULL,南南東,0.4m/s,若潮,南 0.2m/s,晴れ後時々曇り,NULL,NULL,NULL,ヒラメ船、今日は前半は小魚反応が広く確認でき、アタリもありましたが、後半になると反応も少なくなりアタリも少なくなってしまいました。今日はダイナンウミヘビやウツボが多かったです。本日はありがとうございました。,13.1℃,NULL,chowari/深田家
深田家,佐島港,2026/03/29,1,0,ヒラメ,ヒラメ,メイン,ヒラメ,NULL,0.0,1.0,0.5,0,,,1.2,1.2,NULL,神奈川県 横須賀市 佐島港,NULL,NULL,1,NULL,NULL,13.1,13.1,NULL,南南東,0.4m/s,若潮,南 0.2m/s,晴れ後時々曇り,ウツボ・ダイナンウミヘビ・マトウダイ・ワラサ,NULL,NULL,ヒラメ船、今日は前半は小魚反応が広く確認でき、アタリもありましたが、後半になると反応も少なくなりアタリも少なくなってしまいました。今日はダイナンウミヘビやウツボが多かったです。本日はありがとうございました。,13.1℃,NULL,chowari/深田家
深田家,佐島港,2026/03/29,1,0,マトウダイ,NULL,サブ,マトウダイ,NULL,,,,0,,,,,NULL,神奈川県 横須賀市 佐島港,NULL,NULL,1,NULL,NULL,13.1,13.1,NULL,南南東,0.4m/s,若潮,南 0.2m/s,晴れ後時々曇り,NULL,NULL,NULL,ヒラメ船、今日は前半は小魚反応が広く確認でき、アタリもありましたが、後半になると反応も少なくなりアタリも少なくなってしまいました。今日はダイナンウミヘビやウツボが多かったです。本日はありがとうございました。,13.1℃,NULL,chowari/深田家
深田家,佐島港,2026/03/29,1,0,ワラサ,ワラサ,サブ,ワラサ,NULL,0.0,1.0,0.5,0,,,5.4,6.0,NULL,神奈川県 横須賀市 佐島港,NULL,NULL,1,NULL,NULL,13.1,13.1,NULL,南南東,0.4m/s,若潮,南 0.2m/s,晴れ後時々曇り,NULL,NULL,NULL,ヒラメ船、今日は前半は小魚反応が広く確認でき、アタリもありましたが、後半になると反応も少なくなりアタリも少なくなってしまいました。今日はダイナンウミヘビやウツボが多かったです。本日はありがとうございました。,13.1℃,NULL,chowari/深田家
稲荷丸（江見）,江見漁港,2026/03/24,1,0,アラ,アラ,メイン,アラ,NULL,0.0,2.0,1.0,0,,,0.8,1.8,NULL,千葉県 鴨川市 江見漁港,NULL,NULL,1,NULL,NULL,14.7,14.7,NULL,北北東,3.9m/s,中潮,南東 1.1m/s,晴れ後時々曇り,ブリ,NULL,NULL,今日は、前半アラを狙い、後半アカムツを狙いました。 アラは、潮が多少速いためピンポイントで狙えませんでしたので、船長もお客様も難しい釣りになってしまいました。また、相変わらずサメも多く非常に苦戦しました。どうにか顔を見ることはできましたがなかなか多く釣ることは難しくなってきましたね。 アカムツは、アラよりも難しくアラ同様にサメも多く今日も顔を見ることができませんでした。クロムツやメダイなども交じったりしましたが全体的に魚のアタリも少なかったです。,14.7℃,NULL,chowari/稲荷丸
稲荷丸（江見）,江見漁港,2026/03/24,1,0,ブリ,ブリ,サブ,ブリ,NULL,1.0,1.0,1.0,0,,,7.6,7.6,NULL,千葉県 鴨川市 江見漁港,NULL,NULL,1,NULL,NULL,14.7,14.7,NULL,北北東,3.9m/s,中潮,南東 1.1m/s,晴れ後時々曇り,NULL,NULL,NULL,今日は、前半アラを狙い、後半アカムツを狙いました。 アラは、潮が多少速いためピンポイントで狙えませんでしたので、船長もお客様も難しい釣りになってしまいました。また、相変わらずサメも多く非常に苦戦しました。どうにか顔を見ることはできましたがなかなか多く釣ることは難しくなってきましたね。 アカムツは、アラよりも難しくアラ同様にサメも多く今日も顔を見ることができませんでした。クロムツやメダイなども交じったりしましたが全体的に魚のアタリも少なかったです。,14.7℃,NULL,chowari/稲荷丸
稲荷丸（江見）,江見漁港,2026/03/30,1,0,アラ,アラ,メイン,アラ,NULL,0.0,2.0,1.0,0,,,0.8,5.1,NULL,千葉県 鴨川市 江見漁港,NULL,NULL,1,NULL,NULL,15.1,15.1,NULL,西,0.7m/s,中潮,東 0.9m/s,曇り時々晴れ,,NULL,NULL,今日は、前半アラを狙い、後半カサゴ類を狙いました。 潮があまり流れていませんでしたのでピンポイントで狙えチャンスでしたが、なかなか釣ることができず苦戦しました。特にサメではなくフグが非常に多く釣りバリが無いケースが多々あり、もう少しアラを攻めて見たかったのですが素直にあきらめました。ただし、今日は本物のアラが久しぶりに釣れました。数多くは釣れませんが大型サイズが釣れることに期待したいですね。 カサゴ類は、やはり潮があまり流れていませんでしたので非常に苦戦しました。フグはいませんでしたが魚もいませんでした。全然ダメでした。,15.1℃,NULL,chowari/稲荷丸
藤富丸,大洗町大洗港,2026/03/21,1,0,マダイ,マダイ,メイン,マダイ,NULL,0.0,10.0,5.0,0,28.0,65.0,,,NULL,茨城県 東茨城郡大洗町 大洗港,NULL,NULL,1,NULL,NULL,14.3,14.3,NULL,北西,3.5m/s,中潮,東北東 1.2m/s,晴れ,,NULL,NULL,活エビ使用一つテンヤ船で出船しました。久しぶりに海上ナギで釣りやすかったです。今日はマダイ3.8kg.3.2kg.2.7kg.2.3kg平均 1.5kgから2kgサイズでした。誘い、アワセが良かった鬼塚さんマダイ3.8kg混じり１０匹他外道混じりでクーラー満タンでした。外道ハナダイ、トラフグアベキさんの連れトラフグ2匹ゲット、ホウボウ、カナガシラ、ワラサ、イナダ、ハナダイ、ヒラメ混じりました。明日空席がありますご予約お待ちしております。固定テンヤ、遊動テンヤ8号です。写真を見てください。,14.3℃,NULL,chowari/藤富丸
藤富丸,大洗町大洗港,2026/03/22,1,0,マダイ,マダイ,メイン,マダイ,NULL,0.0,3.0,1.5,0,27.0,63.0,,,NULL,茨城県 東茨城郡大洗町 大洗港,NULL,NULL,1,NULL,NULL,14.4,14.4,NULL,東北東,5.0m/s,中潮,東北東 0.9m/s,晴れ後時々曇り,,NULL,NULL,今日は昨日と違い、マダイ食い渋りでした。朝の一流しでマダイ 3.5kgが釣れたので今日も良いのかなと思ったら風は強くなるばかり、アタリが少なく苦戦しました。3.5kg小林さんが釣り、トラフグもゲットしました。外道ハナダイ、トラフグ、ホウボウ、カナガシ、ワラサ、イナダ、フグ混じりました。23日.24日、休みになります。25日からの活エビ使用一つテンヤ船予約受けていますので宜しお願いいたします。28日組合の総会のため休みになります。テンヤ8号遊動、固定用意して下さい。,14.4℃,NULL,chowari/藤富丸
藤富丸,大洗町大洗港,2026/03/29,1,0,マダイ,マダイ,メイン,マダイ,NULL,0.0,5.0,2.5,0,25.0,62.0,,,NULL,茨城県 東茨城郡大洗町 大洗港,NULL,NULL,1,NULL,NULL,14.3,14.3,NULL,北北東,0.9m/s,若潮,東 1.3m/s・なぎ,晴れ後時々曇り,,NULL,NULL,3月はシケが多く出船出来る日が少なかったですね、今日4日ぶりに出船しました。海上ナギでしたが後半風が吹いて来てしまいましたが、最後の流しでマダイ4kgが釣れました。飯田さん新しい竿とリールで釣れたのでニコニコ顔でした。お高い竿のようで値段聞いてビックリ??朝から大型が上がれば良かったのにね。外道ハナダイ、メバル、カサゴ、ハタ、ウマズラ、フグ等多彩に混じりました。竿頭秋本さんマダイ５匹、合わせは上手な方でした。4月も活エビ使用一つテンヤ船で予約受けていますので宜しお願いいたします。海がなぎてくれることを願います。,14.3℃,NULL,chowari/藤富丸
豊丸,鹿嶋旧港,2026/03/21,1,0,フグ,フグ,メイン,フグ,NULL,0.0,5.0,2.5,0,24.0,40.0,,,NULL,茨城県 鹿嶋市 鹿嶋旧港,NULL,NULL,1,NULL,NULL,14.6,14.6,NULL,北西,1.7m/s,中潮,東北東 1.4m/s,晴れ,,NULL,NULL,水深22～30m 朝のうち海悪く大苦戦 中盤からは海も落ち着きましたね 魚の活性はイマイチ。 釣果はのびず。 明日に期待しましょう,14.6℃,NULL,chowari/豊丸
豊丸,鹿嶋旧港,2026/03/22,1,0,フグ,フグ,メイン,フグ,NULL,5.0,9.0,7.0,0,24.0,40.0,,,NULL,茨城県 鹿嶋市 鹿嶋旧港,NULL,NULL,1,NULL,NULL,14.5,14.5,NULL,東北東,2.7m/s,中潮,東北東 1.1m/s,晴れ後時々曇り,,NULL,NULL,水深20～30m 今日は南のポイント探索！ 朝一、3人4人と同時ヒットあり今日は良いスタートかと思いきやその後パッタリと止まってしまいました。 ポイントを転々としてみましたが良いポイントにあたらず寂しい釣果となりましたが、ジャンボサイズ主体だったので何とかお土産にはなりました！,14.5℃,NULL,chowari/豊丸
豊漁丸,平塚漁港,2026/03/21,1,0,アジ,アジ,メイン,アジ,NULL,2.0,15.0,8.5,0,20.0,38.0,,,NULL,神奈川県 平塚市 平塚漁港,NULL,NULL,1,NULL,NULL,15.7,15.7,NULL,北東,2.9m/s,中潮,南 0.3m/s,晴れ,アマダイ・イシモチ・イナダ・カサゴ,NULL,NULL,仕立アジ五目船。アジ、イナダ、カサゴ、アマダイ、イシモチなどが釣れました。,15.7℃,NULL,chowari/豊漁丸
豊漁丸,平塚漁港,2026/03/21,1,0,アマダイ,アマダイ,サブ,アマダイ,NULL,,,,0,,,,,NULL,神奈川県 平塚市 平塚漁港,NULL,NULL,1,NULL,NULL,15.7,15.7,NULL,北東,2.9m/s,中潮,南 0.3m/s,晴れ,NULL,NULL,NULL,仕立アジ五目船。アジ、イナダ、カサゴ、アマダイ、イシモチなどが釣れました。,15.7℃,NULL,chowari/豊漁丸
豊漁丸,平塚漁港,2026/03/21,1,0,イシモチ,イシモチ,サブ,イシモチ,NULL,,,,0,,,,,NULL,神奈川県 平塚市 平塚漁港,NULL,NULL,1,NULL,NULL,15.7,15.7,NULL,北東,2.9m/s,中潮,南 0.3m/s,晴れ,NULL,NULL,NULL,仕立アジ五目船。アジ、イナダ、カサゴ、アマダイ、イシモチなどが釣れました。,15.7℃,NULL,chowari/豊漁丸
豊漁丸,平塚漁港,2026/03/21,1,0,イナダ,イナダ,サブ,イナダ,NULL,0.0,5.0,2.5,0,,,,,NULL,神奈川県 平塚市 平塚漁港,NULL,NULL,1,NULL,NULL,15.7,15.7,NULL,北東,2.9m/s,中潮,南 0.3m/s,晴れ,NULL,NULL,NULL,仕立アジ五目船。アジ、イナダ、カサゴ、アマダイ、イシモチなどが釣れました。,15.7℃,NULL,chowari/豊漁丸
豊漁丸,平塚漁港,2026/03/21,1,0,カサゴ,カサゴ,サブ,カサゴ,NULL,,,,0,,,,,NULL,神奈川県 平塚市 平塚漁港,NULL,NULL,1,NULL,NULL,15.7,15.7,NULL,北東,2.9m/s,中潮,南 0.3m/s,晴れ,NULL,NULL,NULL,仕立アジ五目船。アジ、イナダ、カサゴ、アマダイ、イシモチなどが釣れました。,15.7℃,NULL,chowari/豊漁丸
豊漁丸,平塚漁港,2026/03/22,1,0,アマダイ,アマダイ,メイン,アマダイ,NULL,1.0,4.0,2.5,0,23.0,36.0,,,NULL,神奈川県 平塚市 平塚漁港,NULL,NULL,1,NULL,NULL,15.6,15.6,NULL,北北東,2.5m/s,中潮,南南東 0.2m/s,晴れ後時々曇り,イシモチ・オニカサゴ・カサゴ・ホウボウ,NULL,NULL,アマダイ船。アマダイ、オニカサゴ、カサゴ、ホウボウ、イシモチなどが釣れました。,15.6℃,NULL,chowari/豊漁丸
豊漁丸,平塚漁港,2026/03/22,1,0,イシモチ,イシモチ,サブ,イシモチ,NULL,,,,0,,,,,NULL,神奈川県 平塚市 平塚漁港,NULL,NULL,1,NULL,NULL,15.6,15.6,NULL,北北東,2.5m/s,中潮,南南東 0.2m/s,晴れ後時々曇り,NULL,NULL,NULL,アマダイ船。アマダイ、オニカサゴ、カサゴ、ホウボウ、イシモチなどが釣れました。,15.6℃,NULL,chowari/豊漁丸
豊漁丸,平塚漁港,2026/03/22,1,0,オニカサゴ,オニカサゴ,サブ,オニカサゴ,NULL,,,,0,,,,,NULL,神奈川県 平塚市 平塚漁港,NULL,NULL,1,NULL,NULL,15.6,15.6,NULL,北北東,2.5m/s,中潮,南南東 0.2m/s,晴れ後時々曇り,NULL,NULL,NULL,アマダイ船。アマダイ、オニカサゴ、カサゴ、ホウボウ、イシモチなどが釣れました。,15.6℃,NULL,chowari/豊漁丸
豊漁丸,平塚漁港,2026/03/22,1,0,カサゴ,カサゴ,サブ,カサゴ,NULL,,,,0,,,,,NULL,神奈川県 平塚市 平塚漁港,NULL,NULL,1,NULL,NULL,15.6,15.6,NULL,北北東,2.5m/s,中潮,南南東 0.2m/s,晴れ後時々曇り,NULL,NULL,NULL,アマダイ船。アマダイ、オニカサゴ、カサゴ、ホウボウ、イシモチなどが釣れました。,15.6℃,NULL,chowari/豊漁丸
豊漁丸,平塚漁港,2026/03/22,1,0,ホウボウ,ホウボウ,サブ,ホウボウ,NULL,,,,0,,,,,NULL,神奈川県 平塚市 平塚漁港,NULL,NULL,1,NULL,NULL,15.6,15.6,NULL,北北東,2.5m/s,中潮,南南東 0.2m/s,晴れ後時々曇り,NULL,NULL,NULL,アマダイ船。アマダイ、オニカサゴ、カサゴ、ホウボウ、イシモチなどが釣れました。,15.6℃,NULL,chowari/豊漁丸
豊漁丸,平塚漁港,2026/03/27,1,0,アジ,アジ,メイン,アジ,NULL,6.0,28.0,17.0,0,20.0,36.0,,,NULL,神奈川県 平塚市 平塚漁港,NULL,NULL,1,NULL,NULL,15.8,15.8,NULL,北北東,2.3m/s,小潮,南南東 0.8m/s,晴れ後一時雨,イナダ・イワシ・サバ・ハナダイ,NULL,NULL,LTアジ五目船。アジ、イナダ、ハナダイ、イワシ、サバなどが釣れました。,15.8℃,NULL,chowari/豊漁丸
豊漁丸,平塚漁港,2026/03/27,1,0,イナダ,イナダ,サブ,イナダ,NULL,8.0,8.0,8.0,0,,,,,NULL,神奈川県 平塚市 平塚漁港,NULL,NULL,1,NULL,NULL,15.8,15.8,NULL,北北東,2.3m/s,小潮,南南東 0.8m/s,晴れ後一時雨,NULL,NULL,NULL,LTアジ五目船。アジ、イナダ、ハナダイ、イワシ、サバなどが釣れました。,15.8℃,NULL,chowari/豊漁丸
豊漁丸,平塚漁港,2026/03/27,1,0,イワシ,NULL,サブ,イワシ,NULL,,,,0,,,,,NULL,神奈川県 平塚市 平塚漁港,NULL,NULL,1,NULL,NULL,15.8,15.8,NULL,北北東,2.3m/s,小潮,南南東 0.8m/s,晴れ後一時雨,NULL,NULL,NULL,LTアジ五目船。アジ、イナダ、ハナダイ、イワシ、サバなどが釣れました。,15.8℃,NULL,chowari/豊漁丸
豊漁丸,平塚漁港,2026/03/27,1,0,サバ,NULL,サブ,サバ,NULL,,,,0,,,,,NULL,神奈川県 平塚市 平塚漁港,NULL,NULL,1,NULL,NULL,15.8,15.8,NULL,北北東,2.3m/s,小潮,南南東 0.8m/s,晴れ後一時雨,NULL,NULL,NULL,LTアジ五目船。アジ、イナダ、ハナダイ、イワシ、サバなどが釣れました。,15.8℃,NULL,chowari/豊漁丸
豊漁丸,平塚漁港,2026/03/27,1,0,ハナダイ,ハナダイ,サブ,ハナダイ,NULL,6.0,6.0,6.0,0,,,,,NULL,神奈川県 平塚市 平塚漁港,NULL,NULL,1,NULL,NULL,15.8,15.8,NULL,北北東,2.3m/s,小潮,南南東 0.8m/s,晴れ後一時雨,NULL,NULL,NULL,LTアジ五目船。アジ、イナダ、ハナダイ、イワシ、サバなどが釣れました。,15.8℃,NULL,chowari/豊漁丸
豊漁丸,平塚漁港,2026/03/29,1,0,アジ,アジ,メイン,アジ,NULL,4.0,23.0,13.5,0,20.0,40.0,,,NULL,神奈川県 平塚市 平塚漁港,NULL,NULL,1,NULL,NULL,16.1,16.1,NULL,東,0.6m/s,若潮,南南東 0.2m/s,晴れ後時々曇り,オニカサゴ・カイワリ・サバ・ホウボウ,NULL,NULL,LTアジ五目船。アジ、カイワリ、オニカサゴ、サバ、ホウボウなどが釣れました。,16.1℃,NULL,chowari/豊漁丸
豊漁丸,平塚漁港,2026/03/29,1,0,オニカサゴ,オニカサゴ,サブ,オニカサゴ,NULL,,,,0,,,,,NULL,神奈川県 平塚市 平塚漁港,NULL,NULL,1,NULL,NULL,16.1,16.1,NULL,東,0.6m/s,若潮,南南東 0.2m/s,晴れ後時々曇り,NULL,NULL,NULL,LTアジ五目船。アジ、カイワリ、オニカサゴ、サバ、ホウボウなどが釣れました。,16.1℃,NULL,chowari/豊漁丸
豊漁丸,平塚漁港,2026/03/29,1,0,カイワリ,カイワリ,サブ,カイワリ,NULL,,,,0,,,,,NULL,神奈川県 平塚市 平塚漁港,NULL,NULL,1,NULL,NULL,16.1,16.1,NULL,東,0.6m/s,若潮,南南東 0.2m/s,晴れ後時々曇り,NULL,NULL,NULL,LTアジ五目船。アジ、カイワリ、オニカサゴ、サバ、ホウボウなどが釣れました。,16.1℃,NULL,chowari/豊漁丸
豊漁丸,平塚漁港,2026/03/29,1,0,サバ,NULL,サブ,サバ,NULL,,,,0,,,,,NULL,神奈川県 平塚市 平塚漁港,NULL,NULL,1,NULL,NULL,16.1,16.1,NULL,東,0.6m/s,若潮,南南東 0.2m/s,晴れ後時々曇り,NULL,NULL,NULL,LTアジ五目船。アジ、カイワリ、オニカサゴ、サバ、ホウボウなどが釣れました。,16.1℃,NULL,chowari/豊漁丸
豊漁丸,平塚漁港,2026/03/29,1,0,ホウボウ,ホウボウ,サブ,ホウボウ,NULL,,,,0,,,,,NULL,神奈川県 平塚市 平塚漁港,NULL,NULL,1,NULL,NULL,16.1,16.1,NULL,東,0.6m/s,若潮,南南東 0.2m/s,晴れ後時々曇り,NULL,NULL,NULL,LTアジ五目船。アジ、カイワリ、オニカサゴ、サバ、ホウボウなどが釣れました。,16.1℃,NULL,chowari/豊漁丸
辰丸,長井新宿港,2026/03/21,1,0,アオリイカ,アオリイカ,メイン,アオリイカ,NULL,0.0,2.0,1.0,0,,,0.6,1.2,NULL,神奈川県 横須賀市 長井新宿港,NULL,NULL,1,NULL,NULL,12.6,12.6,濁り,北北東,8.7m/s,中潮・濁り潮,北北東 0.6m/s,晴れ,,NULL,NULL,今日は、ティップランで、出船しました。 濁り潮でしたが、船が流れなく、 乗り、渋かったです。 モンゴウイカも、0－2杯 マルイカも、0－2杯。ヤリイカも、釣れました。,12.6℃,NULL,chowari/辰丸
辰丸,長井新宿港,2026/03/22,1,0,アオリイカ,アオリイカ,メイン,アオリイカ,NULL,0.0,5.0,2.5,0,,,0.3,1.2,NULL,神奈川県 横須賀市 長井新宿港,NULL,NULL,1,NULL,NULL,12.6,12.6,濁り,北北東,4.8m/s,中潮・濁り潮,南南東 0.3m/s,晴れ後時々曇り,,NULL,NULL,今日は、シャクリで、出船しました。 濁り潮で、潮が動かなかったが、 何とか、拾えました。,12.6℃,NULL,chowari/辰丸
辰丸,長井新宿港,2026/03/23,1,0,アオリイカ,アオリイカ,メイン,アオリイカ,NULL,6.0,6.0,6.0,0,,,0.4,1.7,NULL,神奈川県 横須賀市 長井新宿港,NULL,NULL,1,NULL,NULL,12.8,12.8,NULL,北,3.8m/s,中潮,南南東 0.5m/s,雨のち曇り,,NULL,NULL,今日は、お客さん一人で、シャクリで、出船しました。 お客さん、頑張って頂き、好調でした。,12.8℃,NULL,chowari/辰丸
辰丸,長井新宿港,2026/03/24,1,0,アオリイカ,アオリイカ,メイン,アオリイカ,NULL,0.0,3.0,1.5,0,,,0.3,1.5,NULL,神奈川県 横須賀市 長井新宿港,NULL,NULL,1,NULL,NULL,13.0,13.0,薄濁り,北北東,8.9m/s,中潮,南東 0.8m/s,晴れ後時々曇り,,NULL,NULL,今日は、シャクリで、出船しました。 薄濁りでしたが、潮が動かなく、 乗り渋かったです。,13.0℃,NULL,chowari/辰丸
辰丸,長井新宿港,2026/03/27,1,0,アオリイカ,アオリイカ,メイン,アオリイカ,NULL,0.0,3.0,1.5,0,,,0.3,1.7,NULL,神奈川県 横須賀市 長井新宿港,NULL,NULL,1,NULL,NULL,12.9,12.9,NULL,北,5.6m/s,小潮,南南東 0.8m/s,晴れ後一時雨,,NULL,NULL,今日は、シャクリで、出船しました。 中盤から後半に、乗りよかったです。,12.9℃,NULL,chowari/辰丸
辰丸,長井新宿港,2026/03/28,1,0,アオリイカ,アオリイカ,メイン,アオリイカ,NULL,1.0,1.0,1.0,0,,,0.9,0.9,NULL,神奈川県 横須賀市 長井新宿港,NULL,NULL,1,NULL,NULL,12.9,12.9,NULL,北,5.1m/s,長潮,南東 0.4m/s,曇り時々晴れ,,NULL,NULL,今日は、ティップランで、出船しました。 バラシが多く、数が伸びませんでした。 モンゴウイカと、マルイカも釣れました。,12.9℃,NULL,chowari/辰丸
辰丸,長井新宿港,2026/03/29,1,0,アオリイカ,アオリイカ,メイン,アオリイカ,NULL,0.0,2.0,1.0,0,,,0.5,1.1,NULL,神奈川県 横須賀市 長井新宿港,NULL,NULL,1,NULL,NULL,13.1,13.1,NULL,西南西,1.4m/s,若潮,南南東 0.3m/s,晴れ後時々曇り,,NULL,NULL,今日は、シャクリで、出船しました。 潮が動かなく、厳しかったです。,13.1℃,NULL,chowari/辰丸
辰丸,長井新宿港,2026/03/30,1,0,アオリイカ,アオリイカ,メイン,アオリイカ,NULL,0.0,4.0,2.0,0,,,0.6,2.3,NULL,神奈川県 横須賀市 長井新宿港,NULL,NULL,1,NULL,NULL,13.3,13.3,NULL,北東,2.0m/s,中潮,南 0.3m/s,晴れ時々曇り,,NULL,NULL,今日は、シャクリで、出船しました。 今期最高の、2.3キロも釣れました。 今日は、平均に、型が良かったです。,13.3℃,NULL,chowari/辰丸
長三朗丸,葉山町葉山鐙摺港,2026/03/20,1,0,マルイカ,マルイカ,メイン,マルイカ,NULL,0.0,40.0,20.0,0,15.0,31.0,,,NULL,神奈川県 三浦郡葉山町 葉山鐙摺港,NULL,NULL,1,NULL,NULL,12.4,12.4,NULL,北東,3.8m/s,大潮,南 0.6m/s,曇りのち時々晴れ,,NULL,NULL,マルイカ船。二隻で出船！朝はカメギで反応あってもイマイチ乗り目悪く沖に移動中に良い反応見付かり連チャンもあり好調の流しもありました！,12.4℃,NULL,chowari/長三朗丸
長三朗丸,葉山町葉山鐙摺港,2026/03/21,1,0,ヤリイカ,ヤリイカ,メイン,ヤリイカ,NULL,0.0,5.0,2.5,0,20.0,48.0,,,NULL,神奈川県 三浦郡葉山町 葉山鐙摺港,NULL,NULL,1,NULL,NULL,12.6,12.6,NULL,北北東,6.9m/s,中潮,南南西 0.5m/s,晴れ,,NULL,NULL,ヤリ、スルメイカ船。反応少なく苦戦…やっと見れても顔見るのがやっとで厳しかったです…残念ながら0の方が数名…m(__)m,12.6℃,NULL,chowari/長三朗丸
長三朗丸,葉山町葉山鐙摺港,2026/03/21,2,0,アマダイ,アマダイ,メイン,アマダイ,NULL,2.0,6.0,4.0,0,23.0,40.0,,,NULL,神奈川県 三浦郡葉山町 葉山鐙摺港,NULL,NULL,1,NULL,NULL,12.6,12.6,NULL,北北東,6.9m/s,中潮・潮流れず,南南西 0.5m/s,晴れ,,NULL,NULL,アマダイ船。朝は白アマ狙いで潮流れずでしたが、中型１匹釣れました！アカアマ狙いでは、前半戦は当たりもなく、潮もなく、どんよりムードでしたが、中盤に良い所当たって、バタバタ連チャンモードに突入できました！一流しで5、6匹以上上がる流しが何回かありました！トップから6匹、5匹の方が2名と数が伸びました！最大は39.5cmで、デカアマは不発でしたが、半数以上の方が35cmオーバーの良型ゲットできました！鬼カサゴ、レンコダイ、アカボラ、トラギス多数混じり、クーラーが賑やかになった方も！！,12.6℃,NULL,chowari/長三朗丸
長三朗丸,葉山町葉山鐙摺港,2026/03/22,1,0,マルイカ,マルイカ,メイン,マルイカ,NULL,24.0,60.0,42.0,0,14.0,33.0,,,NULL,神奈川県 三浦郡葉山町 葉山鐙摺港,NULL,NULL,1,NULL,NULL,12.6,12.6,NULL,北,3.8m/s,中潮,南 0.2m/s,晴れ後時々曇り,,NULL,NULL,マルイカ船。60杯続いて59、54杯今日も絶好調！！平均して皆さん釣れて12名様でほとんどの方３０杯超えで楽しめました！！,12.6℃,NULL,chowari/長三朗丸
長三朗丸,葉山町葉山鐙摺港,2026/03/22,2,0,スルメイカ,スルメイカ,サブ,スルメイカ,NULL,,,,0,,,,,NULL,神奈川県 三浦郡葉山町 葉山鐙摺港,NULL,NULL,1,NULL,NULL,12.6,12.6,NULL,北,3.8m/s,中潮,南 0.2m/s,晴れ後時々曇り,NULL,NULL,NULL,ヤリ、スルメイカ船。顔見るのがやっとで大苦戦…(・・;)なんとかほとんどの方が顔だけは見られましたが残念ながらお一人様顔見れずm(__)mほとんどヤリイカでスルメは混じった程度でした。,12.6℃,NULL,chowari/長三朗丸
長三朗丸,葉山町葉山鐙摺港,2026/03/22,2,0,ヤリイカ,ヤリイカ,メイン,ヤリイカ,NULL,0.0,3.0,1.5,0,18.0,48.0,,,NULL,神奈川県 三浦郡葉山町 葉山鐙摺港,NULL,NULL,1,NULL,NULL,12.6,12.6,NULL,北,3.8m/s,中潮,南 0.2m/s,晴れ後時々曇り,スルメイカ,NULL,NULL,ヤリ、スルメイカ船。顔見るのがやっとで大苦戦…(・・;)なんとかほとんどの方が顔だけは見られましたが残念ながらお一人様顔見れずm(__)mほとんどヤリイカでスルメは混じった程度でした。,12.6℃,NULL,chowari/長三朗丸
長三朗丸,葉山町葉山鐙摺港,2026/03/24,1,0,スルメイカ,スルメイカ,メイン,スルメイカ,NULL,2.0,27.0,14.5,0,17.0,42.0,,,NULL,神奈川県 三浦郡葉山町 葉山鐙摺港,NULL,NULL,1,NULL,NULL,13.0,13.0,NULL,北東,6.5m/s,中潮,南南東 0.6m/s,晴れ後時々曇り,ヤリイカ,NULL,NULL,ヤリ、スルメイカ船。ズ確保(・∀・)ヤリイカは混じった程度でした！,13.0℃,NULL,chowari/長三朗丸
長三朗丸,葉山町葉山鐙摺港,2026/03/24,1,0,ヤリイカ,ヤリイカ,サブ,ヤリイカ,NULL,,,,0,,,,,NULL,神奈川県 三浦郡葉山町 葉山鐙摺港,NULL,NULL,1,NULL,NULL,13.0,13.0,NULL,北東,6.5m/s,中潮,南南東 0.6m/s,晴れ後時々曇り,NULL,NULL,NULL,ヤリ、スルメイカ船。ズ確保(・∀・)ヤリイカは混じった程度でした！,13.0℃,NULL,chowari/長三朗丸
長三朗丸,葉山町葉山鐙摺港,2026/03/24,2,0,マルイカ,マルイカ,メイン,マルイカ,NULL,0.0,10.0,5.0,0,15.0,30.0,,,NULL,神奈川県 三浦郡葉山町 葉山鐙摺港,NULL,NULL,1,NULL,NULL,13.0,13.0,NULL,北東,6.5m/s,中潮,南南東 0.6m/s,晴れ後時々曇り,,NULL,NULL,マルイカ船。今日も城ヶ島で前半は立派な反応見させてもらいましたが乗り目悪く難易度高め(((^_^;)粘り切れず乗り目良いの探しにカメギの方まで探しまわりましたが反応見付からず大苦戦でした！,13.0℃,NULL,chowari/長三朗丸
長三朗丸,葉山町葉山鐙摺港,2026/03/26,1,0,マルイカ,マルイカ,メイン,マルイカ,NULL,1.0,39.0,20.0,0,12.0,27.0,,,NULL,城ヶ島沖,NULL,NULL,1,NULL,NULL,13.3,13.3,NULL,北東,5.0m/s,小潮,南 1.1m/s,雨のち曇り,,NULL,NULL,マルイカ船。今日も城ヶ島沖で反応多く見させてもらいましたが乗り目悪く難易度かなり高めでした！！粘ってみましたが良い所あたらず厳しかったです。,13.3℃,NULL,chowari/長三朗丸
長三朗丸,葉山町葉山鐙摺港,2026/03/27,1,0,ヤリイカ,ヤリイカ,メイン,ヤリイカ,NULL,1.0,5.0,3.0,0,30.0,48.0,,,NULL,神奈川県 三浦郡葉山町 葉山鐙摺港,NULL,NULL,1,NULL,NULL,12.9,12.9,NULL,北,4.1m/s,小潮,南南東 0.6m/s,晴れ後一時雨,,NULL,NULL,ヤリ、スルメイカ船。反応少なく苦戦…なんとか皆さん顔だけは見られました(・・;)ヤリイカが多く、スルメは混じった程度でした。,12.9℃,NULL,chowari/長三朗丸
長三朗丸,葉山町葉山鐙摺港,2026/03/28,1,0,ヤリイカ,ヤリイカ,メイン,ヤリイカ,NULL,0.0,3.0,1.5,0,30.0,48.0,,,NULL,神奈川県 三浦郡葉山町 葉山鐙摺港,NULL,NULL,1,NULL,NULL,12.9,12.9,NULL,北,4.0m/s,長潮,南 0.2m/s,曇り時々晴れ,,NULL,NULL,ヤリ、スルメイカ船。反応見られず顔見るのがやっとでしたm(__)mほとんどの方が顔だけは見られましたが残念ながらお一人様バラシのみでしたm(__)m,12.9℃,NULL,chowari/長三朗丸
長三朗丸,葉山町葉山鐙摺港,2026/03/28,2,0,マルイカ,マルイカ,メイン,マルイカ,NULL,3.0,87.0,45.0,0,15.0,31.0,,,NULL,神奈川県 三浦郡葉山町 葉山鐙摺港,NULL,NULL,1,NULL,NULL,12.9,12.9,NULL,北,4.0m/s,長潮,南 0.2m/s,曇り時々晴れ,,NULL,NULL,マルイカ船。二隻で出船！87杯続いて81、71、71、60杯。ここ最近の中では反応少なめでしたが中盤良い反応見付かりバタバタっと連チャン出来る場面もありました！！半数以上の方20杯超えてお土産出来ました！,12.9℃,NULL,chowari/長三朗丸
長三朗丸,葉山町葉山鐙摺港,2026/03/29,1,0,マルイカ,マルイカ,メイン,マルイカ,NULL,1.0,23.0,12.0,0,12.0,27.0,,,NULL,神奈川県 三浦郡葉山町 葉山鐙摺港,NULL,NULL,1,NULL,NULL,13.1,13.1,NULL,南南東,0.4m/s,若潮,南 0.2m/s,晴れ後時々曇り,,NULL,NULL,マルイカ船。二隻で出船！今日も城ヶ島で水深も少し深くなり乗り目も悪くイカのサイズも小さくなり苦戦でした！なんとか全員顔だけは見れましたが厳しい1日でした！,13.1℃,NULL,chowari/長三朗丸
長三朗丸,葉山町葉山鐙摺港,2026/03/29,2,0,スルメ,NULL,サブ,スルメ,NULL,,,,0,,,,,NULL,神奈川県 三浦郡葉山町 葉山鐙摺港,NULL,NULL,1,NULL,NULL,13.1,13.1,NULL,南南東,0.4m/s,若潮,南 0.2m/s,晴れ後時々曇り,NULL,NULL,NULL,ヤリ、スルメイカ船。今日も反応少なく難しかったです(・・;)なんとか当たるとポチポチ取れて皆さんオカズは確保(・∀・)ほとんど良型ヤリイカでスルメは混じった程度でした！,13.1℃,NULL,chowari/長三朗丸
長三朗丸,葉山町葉山鐙摺港,2026/03/29,2,0,ヤリイカ,ヤリイカ,メイン,ヤリイカ,NULL,6.0,13.0,9.5,0,25.0,48.0,,,NULL,神奈川県 三浦郡葉山町 葉山鐙摺港,NULL,NULL,1,NULL,NULL,13.1,13.1,NULL,南南東,0.4m/s,若潮,南 0.2m/s,晴れ後時々曇り,スルメ,NULL,NULL,ヤリ、スルメイカ船。今日も反応少なく難しかったです(・・;)なんとか当たるとポチポチ取れて皆さんオカズは確保(・∀・)ほとんど良型ヤリイカでスルメは混じった程度でした！,13.1℃,NULL,chowari/長三朗丸
長岡丸,鹿嶋旧港,2026/03/20,1,0,マダイ,マダイ,メイン,マダイ,NULL,0.0,3.0,1.5,0,,,1.4,3.76,NULL,茨城県 鹿嶋市 鹿嶋旧港,NULL,NULL,1,NULL,NULL,14.8,14.8,NULL,北東,4.7m/s,大潮,東北東 1.9m/s,曇り一時雨,,NULL,NULL,◆午後テンヤマダイ船 連日絶好調 サイズ1.4～3.76キロ 0～3枚 竿頭石井さん、佐藤さん 1キロ代6枚、2キロ代5枚、3キロ代3枚 外道ハナダイ、マゴチ、ワラサ、ホウボウ、ショウサイフグ 午後は開始からハナダイ、マダイポツポツ掛かりました。,14.8℃,NULL,chowari/長岡丸
長岡丸,鹿嶋旧港,2026/03/21,1,0,マダイ,マダイ,メイン,マダイ,NULL,0.0,6.0,3.0,0,,,0.9,7.14,NULL,茨城県 鹿嶋市 鹿嶋旧港,NULL,NULL,1,NULL,NULL,14.6,14.6,NULL,北西,1.7m/s,中潮,東北東 1.4m/s,晴れ,,NULL,NULL,◆午後テンヤマダイ船 連日絶好調（2隻の高低差） サイズ0.9～7.14kg０～6枚 竿頭石橋さん2番手石井さん 1キロ代24枚、2キロ代8枚、3キロ代5枚、4.01キロ、4.12キロ、4.61キロ、4.86キロ、7.14キロ 外道ハナダイ、ホウボウ、ショウサイフグ、トラフグ、ワラサ 午後は開始から潮流れ良く中鯛、大鯛、特鯛連発で、絶好調でした。反応もりもりで潮流れればこれからも期待ですよ。バラシ、ラインブレイク多数。 リーダーは最低3号、出来れば4号、大鯛、特鯛回遊中！万全のタックルでお待ちしております。 ご乗船の皆さん、大変お疲れ様でした。ありがとうございました。またのお越しをお待ちしております。,14.6℃,NULL,chowari/長岡丸
長岡丸,鹿嶋旧港,2026/03/21,2,0,ショウサイフグ,ショウサイフグ,メイン,ショウサイフグ,NULL,2.0,8.0,5.0,0,28.0,43.0,,,NULL,茨城県 鹿嶋市 鹿嶋旧港,NULL,NULL,1,NULL,NULL,14.6,14.6,NULL,北西,1.7m/s,中潮,東北東 1.4m/s,晴れ,マダイ,NULL,NULL,◆ショウサイフグ船 ジャンボフグ出船 サイズ28～43cm2～8匹 外道ホウボウ、ウマズラハギ、カワハギ、カサゴ ◆午前テンヤマダイ船 サイズ1.1～5.83kg0～3枚 竿頭石井さん 外道ハナダイ、ホウボウ、ヒラメ、マゴチ、ショウサイフグ 午前は潮流れ非常に悪く苦戦でした。バラシも有りました。 ご乗船の皆さん、大変お疲れ様でした。ありがとうございました。またのお越しをお待ちしております。,14.6℃,NULL,chowari/長岡丸
長岡丸,鹿嶋旧港,2026/03/21,2,0,マダイ,マダイ,サブ,マダイ,NULL,0.0,3.0,1.5,0,,,1.1,5.83,NULL,茨城県 鹿嶋市 鹿嶋旧港,NULL,NULL,1,NULL,NULL,14.6,14.6,NULL,北西,1.7m/s,中潮,東北東 1.4m/s,晴れ,NULL,NULL,NULL,◆ショウサイフグ船 ジャンボフグ出船 サイズ28～43cm2～8匹 外道ホウボウ、ウマズラハギ、カワハギ、カサゴ ◆午前テンヤマダイ船 サイズ1.1～5.83kg0～3枚 竿頭石井さん 外道ハナダイ、ホウボウ、ヒラメ、マゴチ、ショウサイフグ 午前は潮流れ非常に悪く苦戦でした。バラシも有りました。 ご乗船の皆さん、大変お疲れ様でした。ありがとうございました。またのお越しをお待ちしております。,14.6℃,NULL,chowari/長岡丸
長岡丸,鹿嶋旧港,2026/03/22,1,0,ショウサイフグ,ショウサイフグ,サブ,ショウサイフグ,NULL,10.0,28.0,19.0,0,28.0,43.0,,,NULL,茨城県 鹿嶋市 鹿嶋旧港,NULL,NULL,1,NULL,NULL,14.5,14.5,NULL,東北東,2.7m/s,中潮,東北東 1.1m/s,晴れ後時々曇り,NULL,NULL,NULL,◆ヤリイカ船 サイズ30～50cm0～5杯 ◆午前テンヤマダイ船 ・流れが悪くとも連日絶好調 サイズ1.12～3.44kg０～4枚 竿頭汐満さん 1キロ台10枚、2キロ台9枚、3.12キロ.3.44キロ 外道ハナダイ、ホウボウ、ワカシ、ショウサイフグ、トラフグ ◆ショウサイフグ船 ジャンボフグ出船好調 サイズ28～43cm10～28匹 外道トラフグ 竿頭五十嵐さん 午前真鯛船は潮流れ悪くもポツポツ掛かりましたので潮流れれば今後も期待ですよ。 フグ船はアタリ多く数が上がりました。 ヤリイカ船は北のポイントに向かいましたが風が強く数が伸びませんでした。 ご乗船の皆さん、大変お疲れ様でした。ありがとうございました。またのお越しをお待ちしております。 明日はテン,14.5℃,NULL,chowari/長岡丸
長岡丸,鹿嶋旧港,2026/03/22,1,0,マダイ,マダイ,サブ,マダイ,NULL,0.0,4.0,2.0,0,,,1.12,3.44,NULL,茨城県 鹿嶋市 鹿嶋旧港,NULL,NULL,1,NULL,NULL,14.5,14.5,NULL,東北東,2.7m/s,中潮,東北東 1.1m/s,晴れ後時々曇り,NULL,NULL,NULL,◆ヤリイカ船 サイズ30～50cm0～5杯 ◆午前テンヤマダイ船 ・流れが悪くとも連日絶好調 サイズ1.12～3.44kg０～4枚 竿頭汐満さん 1キロ台10枚、2キロ台9枚、3.12キロ.3.44キロ 外道ハナダイ、ホウボウ、ワカシ、ショウサイフグ、トラフグ ◆ショウサイフグ船 ジャンボフグ出船好調 サイズ28～43cm10～28匹 外道トラフグ 竿頭五十嵐さん 午前真鯛船は潮流れ悪くもポツポツ掛かりましたので潮流れれば今後も期待ですよ。 フグ船はアタリ多く数が上がりました。 ヤリイカ船は北のポイントに向かいましたが風が強く数が伸びませんでした。 ご乗船の皆さん、大変お疲れ様でした。ありがとうございました。またのお越しをお待ちしております。 明日はテン,14.5℃,NULL,chowari/長岡丸
長岡丸,鹿嶋旧港,2026/03/22,1,0,ヤリイカ,ヤリイカ,メイン,ヤリイカ,NULL,0.0,5.0,2.5,0,30.0,50.0,,,NULL,茨城県 鹿嶋市 鹿嶋旧港,NULL,NULL,1,NULL,NULL,14.5,14.5,NULL,東北東,2.7m/s,中潮,東北東 1.1m/s,晴れ後時々曇り,ショウサイフグ・マダイ,NULL,NULL,◆ヤリイカ船 サイズ30～50cm0～5杯 ◆午前テンヤマダイ船 ・流れが悪くとも連日絶好調 サイズ1.12～3.44kg０～4枚 竿頭汐満さん 1キロ台10枚、2キロ台9枚、3.12キロ.3.44キロ 外道ハナダイ、ホウボウ、ワカシ、ショウサイフグ、トラフグ ◆ショウサイフグ船 ジャンボフグ出船好調 サイズ28～43cm10～28匹 外道トラフグ 竿頭五十嵐さん 午前真鯛船は潮流れ悪くもポツポツ掛かりましたので潮流れれば今後も期待ですよ。 フグ船はアタリ多く数が上がりました。 ヤリイカ船は北のポイントに向かいましたが風が強く数が伸びませんでした。 ご乗船の皆さん、大変お疲れ様でした。ありがとうございました。またのお越しをお待ちしております。 明日はテン,14.5℃,NULL,chowari/長岡丸
長岡丸,鹿嶋旧港,2026/03/23,1,0,マダイ,マダイ,メイン,マダイ,NULL,1.0,5.0,3.0,0,,,1.2,4.3,NULL,茨城県 鹿嶋市 鹿嶋旧港,NULL,NULL,1,NULL,NULL,14.2,14.2,NULL,西,2.0m/s,中潮,東北東 0.7m/s,雨のち晴れ,,NULL,NULL,◆午後テンヤマダイ船 連日絶好調 サイズ1.2～4.30キロ 1～5枚 竿頭浅野さん（女性） 中鯛船中13枚 外道ハナダイ、ホウボウ、ショウサイフグ 午後は潮流れ悪くポツポツの掛かりでしたがオデコ無く良かったです。 ご乗船の皆さん、大変お疲れ様でした。ありがとうございました。またのお越しをお待ちしております。,14.2℃,NULL,chowari/長岡丸
長岡丸,鹿嶋旧港,2026/03/23,2,0,ショウサイフグ,ショウサイフグ,サブ,ショウサイフグ,NULL,45.0,61.0,53.0,0,28.0,43.0,,,NULL,茨城県 鹿嶋市 鹿嶋旧港,NULL,NULL,1,NULL,NULL,14.2,14.2,NULL,西,2.0m/s,中潮,東北東 0.7m/s,雨のち晴れ,NULL,NULL,NULL,◆午前テンヤマダイ船 連日絶好調 サイズ0.8～3.24kg０～11枚 竿頭浅野さん2番手8枚中澤さん 1キロ代13枚、2キロ代9枚、3.15キロ、3.24キロ ◆ショウサイフグ船 ジャンボフグ主体絶好調 サイズ28～43cm45～61匹 外道トラフグ、カワハギ、ホウボウ 竿頭長谷川さん 午前テンヤマダイ船は朝から中鯛主体にポツポツ掛かりました。バラシも有りました。 フグ船はアタリ多く入れ食い状態でした。 ご乗船の皆さん、大変お疲れ様でした。ありがとうございました。またのお越しをお待ちしております。 明日は予報が悪い為鹿島全船中止となりました。,14.2℃,NULL,chowari/長岡丸
長岡丸,鹿嶋旧港,2026/03/23,2,0,マダイ,マダイ,メイン,マダイ,NULL,0.0,11.0,5.5,0,,,0.8,3.24,NULL,茨城県 鹿嶋市 鹿嶋旧港,NULL,NULL,1,NULL,NULL,14.2,14.2,NULL,西,2.0m/s,中潮,東北東 0.7m/s,雨のち晴れ,ショウサイフグ,NULL,NULL,◆午前テンヤマダイ船 連日絶好調 サイズ0.8～3.24kg０～11枚 竿頭浅野さん2番手8枚中澤さん 1キロ代13枚、2キロ代9枚、3.15キロ、3.24キロ ◆ショウサイフグ船 ジャンボフグ主体絶好調 サイズ28～43cm45～61匹 外道トラフグ、カワハギ、ホウボウ 竿頭長谷川さん 午前テンヤマダイ船は朝から中鯛主体にポツポツ掛かりました。バラシも有りました。 フグ船はアタリ多く入れ食い状態でした。 ご乗船の皆さん、大変お疲れ様でした。ありがとうございました。またのお越しをお待ちしております。 明日は予報が悪い為鹿島全船中止となりました。,14.2℃,NULL,chowari/長岡丸
長岡丸,鹿嶋旧港,2026/03/25,1,0,ショウサイフグ,ショウサイフグ,サブ,ショウサイフグ,NULL,5.0,20.0,12.5,0,28.0,43.0,,,NULL,茨城県 鹿嶋市 鹿嶋旧港,NULL,NULL,1,NULL,NULL,14.3,14.3,NULL,南南東,2.8m/s,小潮,東 1.3m/s,曇りのち一時雨,NULL,NULL,NULL,◆午前テンヤマダイ船 サイズ0.9～6.21kg ０～5枚 竿頭黒木さん 1キロ代10枚、2キロ代5枚、3.24キロ、6.21キロ 外道ハナダイ、ホウボウ、ワラサ、ヒラメ、マゴチ、ヒラマサ、アジ、ショウサイフグ、トラフグ ◆ショウサイフグ船 ジャンボフグ出船 サイズ28～43cm5～20匹 竿頭巻さん、19匹矢谷さん 外道ホウボウ、トラフグ 午前真鯛船は開始からポツポツ掛かりました、中鯛主体に中盤大鯛、特鯛上がり良かったです。オデコ1名残念でした。 フグ船は前半からアタリが少なく苦戦しましたが後半掛かりだし数が上がりました。 ご乗船の皆さん、大変お疲れ様でした。ありがとうございました。またのお越しをお待ちしております。,14.3℃,NULL,chowari/長岡丸
長岡丸,鹿嶋旧港,2026/03/25,1,0,マダイ,マダイ,メイン,マダイ,NULL,0.0,5.0,2.5,0,,,0.9,6.21,NULL,茨城県 鹿嶋市 鹿嶋旧港,NULL,NULL,1,NULL,NULL,14.3,14.3,NULL,南南東,2.8m/s,小潮,東 1.3m/s,曇りのち一時雨,ショウサイフグ,NULL,NULL,◆午前テンヤマダイ船 サイズ0.9～6.21kg ０～5枚 竿頭黒木さん 1キロ代10枚、2キロ代5枚、3.24キロ、6.21キロ 外道ハナダイ、ホウボウ、ワラサ、ヒラメ、マゴチ、ヒラマサ、アジ、ショウサイフグ、トラフグ ◆ショウサイフグ船 ジャンボフグ出船 サイズ28～43cm5～20匹 竿頭巻さん、19匹矢谷さん 外道ホウボウ、トラフグ 午前真鯛船は開始からポツポツ掛かりました、中鯛主体に中盤大鯛、特鯛上がり良かったです。オデコ1名残念でした。 フグ船は前半からアタリが少なく苦戦しましたが後半掛かりだし数が上がりました。 ご乗船の皆さん、大変お疲れ様でした。ありがとうございました。またのお越しをお待ちしております。,14.3℃,NULL,chowari/長岡丸
長岡丸,鹿嶋旧港,2026/03/28,1,0,ショウサイフグ,ショウサイフグ,メイン,ショウサイフグ,NULL,2.0,9.0,5.5,0,28.0,43.0,,,NULL,茨城県 鹿嶋市 鹿嶋旧港,NULL,NULL,1,NULL,NULL,14.5,14.5,濁り,東北東,2.3m/s,長潮,東北東 1.9m/s・ウネリ,曇り時々晴れ,マダイ,NULL,NULL,◆ショウサイフグ船 サイズ28～43cm2～9匹 ◆午前テンヤマダイ船 サイズ0.8～2.4kg0～1枚 外道ハナダイ、ワラサ、ホウボウ、ヒラメ、ショウサイフグ ショウサイフグ船はウネリ高く数が伸びませんでした。 午前真鯛船はウネリ高く潮濁りで食い悪く苦戦でした。 ご乗船の皆さん、大変お疲れ様でした。ありがとうございました。またのお越しをお待ちしております。,14.5℃,NULL,chowari/長岡丸
長岡丸,鹿嶋旧港,2026/03/28,1,0,マダイ,マダイ,サブ,マダイ,NULL,0.0,1.0,0.5,0,,,0.8,2.4,NULL,茨城県 鹿嶋市 鹿嶋旧港,NULL,NULL,1,NULL,NULL,14.5,14.5,濁り,東北東,2.3m/s,長潮,東北東 1.9m/s・ウネリ,曇り時々晴れ,NULL,NULL,NULL,◆ショウサイフグ船 サイズ28～43cm2～9匹 ◆午前テンヤマダイ船 サイズ0.8～2.4kg0～1枚 外道ハナダイ、ワラサ、ホウボウ、ヒラメ、ショウサイフグ ショウサイフグ船はウネリ高く数が伸びませんでした。 午前真鯛船はウネリ高く潮濁りで食い悪く苦戦でした。 ご乗船の皆さん、大変お疲れ様でした。ありがとうございました。またのお越しをお待ちしております。,14.5℃,NULL,chowari/長岡丸
長岡丸,鹿嶋旧港,2026/03/29,1,0,マダイ,マダイ,メイン,マダイ,NULL,1.0,9.0,5.0,0,,,1.02,2.74,NULL,茨城県 鹿嶋市 鹿嶋旧港,NULL,NULL,1,NULL,NULL,14.8,14.8,NULL,北,0.7m/s,若潮,東北東 1.4m/s,晴れ後時々曇り,,NULL,NULL,◆午後テンヤマダイ船 サイズ1.02～2.74キロ 1～9枚(オデコ無し) 竿頭柳瀬さん、2番手7枚寺田さん（女性） 1キロ代26枚、2キロ代11枚 外道ハナダイ、マゴチ、ショウサイフグ、トラフグ 午後は開始から食い良く中鯛主体にバラシも多数でしたが大爆釣でした。 ご乗船の皆さん、大変お疲れ様でした。ありがとうございました。またのお越しをお待ちしております。,14.8℃,NULL,chowari/長岡丸
長岡丸,鹿嶋旧港,2026/03/29,2,0,ショウサイフグ,ショウサイフグ,サブ,ショウサイフグ,NULL,2.0,14.0,8.0,0,28.0,43.0,,,NULL,茨城県 鹿嶋市 鹿嶋旧港,NULL,NULL,1,NULL,NULL,14.8,14.8,NULL,北,0.7m/s,若潮,東北東 1.4m/s,晴れ後時々曇り,NULL,NULL,NULL,◆午前テンヤマダイ船 2隻の高低差 サイズ0.3～5.84kg0～5枚 竿頭高橋さん、2番石亀さん 1キロ代船中20枚以上 外道ハナダイ、ホウボウ、カサゴ、ヒラメ、マハタ、ショウサイフグ、トラフグ、クロメバル、アカメバル、カンダイ、イナダ ◆ショウサイフグ船 ジャンボフグ主体 サイズ28～43cm2～14匹 外道ホウボウ、トラフグ 竿頭吉井さん 今日の真鯛船は平均型が良く、2.５キロ以上の大鯛、中鯛も上がりました。 フグ船は型が良く何とか数が上がりました。 ご乗船の皆さん、大変お疲れ様でした。ありがとうございました。またのお越しをお待ちしております。,14.8℃,NULL,chowari/長岡丸
長岡丸,鹿嶋旧港,2026/03/29,2,0,マダイ,マダイ,メイン,マダイ,NULL,0.0,5.0,2.5,0,,,0.3,5.84,NULL,茨城県 鹿嶋市 鹿嶋旧港,NULL,NULL,1,NULL,NULL,14.8,14.8,NULL,北,0.7m/s,若潮,東北東 1.4m/s,晴れ後時々曇り,ショウサイフグ,NULL,NULL,◆午前テンヤマダイ船 2隻の高低差 サイズ0.3～5.84kg0～5枚 竿頭高橋さん、2番石亀さん 1キロ代船中20枚以上 外道ハナダイ、ホウボウ、カサゴ、ヒラメ、マハタ、ショウサイフグ、トラフグ、クロメバル、アカメバル、カンダイ、イナダ ◆ショウサイフグ船 ジャンボフグ主体 サイズ28～43cm2～14匹 外道ホウボウ、トラフグ 竿頭吉井さん 今日の真鯛船は平均型が良く、2.５キロ以上の大鯛、中鯛も上がりました。 フグ船は型が良く何とか数が上がりました。 ご乗船の皆さん、大変お疲れ様でした。ありがとうございました。またのお越しをお待ちしております。,14.8℃,NULL,chowari/長岡丸
長岡丸,鹿嶋旧港,2026/03/30,1,0,ショウサイフグ,ショウサイフグ,サブ,ショウサイフグ,NULL,3.0,11.0,7.0,0,28.0,43.0,,,NULL,茨城県 鹿嶋市 鹿嶋旧港,NULL,NULL,1,NULL,NULL,14.9,14.9,NULL,北,2.2m/s,中潮,東北東 1.5m/s・波が高,曇り時々晴れ,NULL,NULL,NULL,◆テンヤ真鯛午前船 2隻の高低差好調 サイズ0.8～3.54kg1～12枚 2隻で57枚掛かりました。 竿頭浅野さん 外道ワラサ、ホウボウ、トラフグ、カサゴ、マゴチ、メバル ◆ショウサイフグ船 ジャンボフグ主体 サイズ28～43cm3～11 竿頭安部さん 今日の真鯛船は風が強くアタリが取り難い中好調に数が上がりました。 ラインブレイク、バラシ多数あらりました。 フグ船は波が高く数が伸びませんでした。 ご乗船の皆さん、大変お疲れ様でした。ありがとうございました。またのお越しをお待ちしております。,14.9℃,NULL,chowari/長岡丸
長岡丸,鹿嶋旧港,2026/03/30,1,0,マダイ,マダイ,メイン,マダイ,NULL,0.0,12.0,6.0,0,,,0.8,3.54,NULL,茨城県 鹿嶋市 鹿嶋旧港,NULL,NULL,1,NULL,NULL,14.9,14.9,NULL,北,2.2m/s,中潮,東北東 1.5m/s・波が高,曇り時々晴れ,ショウサイフグ,NULL,NULL,◆テンヤ真鯛午前船 2隻の高低差好調 サイズ0.8～3.54kg1～12枚 2隻で57枚掛かりました。 竿頭浅野さん 外道ワラサ、ホウボウ、トラフグ、カサゴ、マゴチ、メバル ◆ショウサイフグ船 ジャンボフグ主体 サイズ28～43cm3～11 竿頭安部さん 今日の真鯛船は風が強くアタリが取り難い中好調に数が上がりました。 ラインブレイク、バラシ多数あらりました。 フグ船は波が高く数が伸びませんでした。 ご乗船の皆さん、大変お疲れ様でした。ありがとうございました。またのお越しをお待ちしております。,14.9℃,NULL,chowari/長岡丸
鶴丸,富士市田子の浦漁港,2026/03/27,1,0,タチウオ,タチウオ,メイン,タチウオ,NULL,2.0,8.0,5.0,0,,,,,NULL,静岡県 富士市 田子の浦漁港,NULL,NULL,1,NULL,NULL,15.8,15.8,NULL,南南西,0.4m/s,小潮,南南西 0.3m/s,晴れ後時々曇り,,NULL,NULL,夜タチ船の釣果です。 撃沈覚悟で、出船しました。 ３時間ぐらい当たりなく、いろいろ探して、最後に、当たり出しで、みなさん型見れて良かったです。 新群れが、入ってきた感じです。 これから期待大です。 おすすめは、朝は、コマセマダイ、アジ、夜は、タチです。 ２名様から出船いたします。 初心者大歓迎です。,15.8℃,NULL,chowari/鶴丸
鶴丸,富士市田子の浦漁港,2026/03/29,1,0,アマダイ,アマダイ,サブ,アマダイ,NULL,,,,0,,,,,NULL,静岡県 富士市 田子の浦漁港,NULL,NULL,1,NULL,NULL,16.0,16.0,NULL,南,1.0m/s,若潮,南南西 0.2m/s,晴れ後時々曇り,NULL,NULL,NULL,朝コマセマダイの釣果です。 本船は、今日が、マダイダービー初日になります。 反応は、ぼちぼちある感じでしたが、厳したったです。 これからに期待したいです。 朝は、コマセマダイ、アジ、夜は、タチが、おすすめです。 ２名様から毎日出船いたします。 お気軽にお問い合わせください。,16.0℃,NULL,chowari/鶴丸
鶴丸,富士市田子の浦漁港,2026/03/29,1,0,カイワリ,カイワリ,サブ,カイワリ,NULL,,,,0,,,,,NULL,静岡県 富士市 田子の浦漁港,NULL,NULL,1,NULL,NULL,16.0,16.0,NULL,南,1.0m/s,若潮,南南西 0.2m/s,晴れ後時々曇り,NULL,NULL,NULL,朝コマセマダイの釣果です。 本船は、今日が、マダイダービー初日になります。 反応は、ぼちぼちある感じでしたが、厳したったです。 これからに期待したいです。 朝は、コマセマダイ、アジ、夜は、タチが、おすすめです。 ２名様から毎日出船いたします。 お気軽にお問い合わせください。,16.0℃,NULL,chowari/鶴丸
鶴丸,富士市田子の浦漁港,2026/03/29,1,0,カサゴ,カサゴ,サブ,カサゴ,NULL,,,,0,,,,,NULL,静岡県 富士市 田子の浦漁港,NULL,NULL,1,NULL,NULL,16.0,16.0,NULL,南,1.0m/s,若潮,南南西 0.2m/s,晴れ後時々曇り,NULL,NULL,NULL,朝コマセマダイの釣果です。 本船は、今日が、マダイダービー初日になります。 反応は、ぼちぼちある感じでしたが、厳したったです。 これからに期待したいです。 朝は、コマセマダイ、アジ、夜は、タチが、おすすめです。 ２名様から毎日出船いたします。 お気軽にお問い合わせください。,16.0℃,NULL,chowari/鶴丸
鶴丸,富士市田子の浦漁港,2026/03/29,1,0,マダイ,マダイ,メイン,マダイ,NULL,0.0,2.0,1.0,0,,,0.7,1.1,NULL,静岡県 富士市 田子の浦漁港,NULL,NULL,1,NULL,NULL,16.0,16.0,NULL,南,1.0m/s,若潮,南南西 0.2m/s,晴れ後時々曇り,アマダイ・カイワリ・カサゴ,NULL,NULL,朝コマセマダイの釣果です。 本船は、今日が、マダイダービー初日になります。 反応は、ぼちぼちある感じでしたが、厳したったです。 これからに期待したいです。 朝は、コマセマダイ、アジ、夜は、タチが、おすすめです。 ２名様から毎日出船いたします。 お気軽にお問い合わせください。,16.0℃,NULL,chowari/鶴丸
